address;label
0xdffe798c7172dd6deb32baee68af322e8f495ce0;0x
0x38a795580d0f687e399913a00ddef6a17612c722;0x
0x45797531b873fd5e519477a070a955764c1a5b07;0x
0xa3b2d1087bcebe59d188a23f75620612d967df72;0x
0x2d7dc2ef7c6f6a2cbc3dba4db97b2ddb40e20713;0x
0x3b39078f2a3e1512eecc8d6792fdc7f33e1cd2cf;0x
0xccc2431a7335f21d9268ba62f0b32b0f2efc463f;0x
0x7eefbd48fd63d441ec7435d024ec7c5131019add;0x
0x8ed95d1746bf1e4dab58d8ed4724f1ef95b20db0;0x
0x95e6f48254609a6ee006f7d493c8e5fb97094cef;0x
0xefc70a1b18c432bdc64b596838b4d138f6bc6cad;0x
0x0ac2d6f5f5afc669d3ca38f830dad2b4f238ad3f;0x
0x12459c951127e0c374ff9105dda097662a027093;0x
0x080bf510fcbf18b91105470639e9561022937712;0x
0x61935cbdd02287b511119ddb11aeb42f1593b7ef;0x
0x206376e8940e42538781cd94ef024df3c1e0fd43;0x
0xa3ac9844514b96bb502627ca9dceb57c4be289e3;0x
0x7d3455421bbc5ed534a83c88fd80387dc8271392;0x
0xef701d5389ae74503d633396c4d654eabedc9d78;0x
0x606af0bd4501855914b50e2672c5926b896737ef;0x
0x01d9f4d104668cdc0b6d13c45dff5e15d58d8f28;0x
0x17992e4ffb22730138e4b62aaa6367fa9d3699a6;0x
0x2240dab907db71e64d3e0dba4800c83b5c502d4e;0x
0x208e41fb445f1bb1b6780d58356e81405f3e6127;0x
0x4f833a24e1f95d70f028921e27040ca56e09ab0b;0x
0x7afc2d5107af94c462a194d2c21b5bdd238709d6;0x
0x5468a1dc173652ee28d249c271fa9933144746b1;0x
0xdc4587cb17d2a1829512e2cfec621f8066290e6a;0x
0x9463e518dea6810309563c81d5266c1b1d149138;0x
0xa09329c6003c9a5402102e226417738ee22cf1f2;0x
0x2a17c35ff147b32f13f19f2e311446eeb02503f3;0x
0xa26e80e7dea86279c6d778d702cc413e6cffa777;0x
0x3517b88c19508c08650616019062b898ab65ed29;0x
0xdb63d40c033d35e79cdbb21430f0fe10e9d97303;0x
0x926a74c5c36adf004c87399e65f75628b0f98d2c;0x
0xd4fd252d7d2c9479a8d616f510eac6243b5dddf9;0x
0x8da0d80f5007ef1e431dd2127178d224e32c2ef4;0x
0xa6baaed2053058a3c8f11e0c7a9716304454b09e;0x
0xba7f8b5fb1b19c1211c5d49550fcd149177a5eaf;0x
0xe41d2489571d322189246dafa5ebde1f4699f498;0x
0xdffe798c7172dd6deb32baee68af322e8f495ce0;0x
0xa3b2d1087bcebe59d188a23f75620612d967df72;0x
0x2d7dc2ef7c6f6a2cbc3dba4db97b2ddb40e20713;0x
0x95e6f48254609a6ee006f7d493c8e5fb97094cef;0x
0xefc70a1b18c432bdc64b596838b4d138f6bc6cad;0x
0x12459c951127e0c374ff9105dda097662a027093;0x
0x080bf510fcbf18b91105470639e9561022937712;0x
0x206376e8940e42538781cd94ef024df3c1e0fd43;0x
0xef701d5389ae74503d633396c4d654eabedc9d78;0x
0x606af0bd4501855914b50e2672c5926b896737ef;0x
0x01d9f4d104668cdc0b6d13c45dff5e15d58d8f28;0x
0xa09329c6003c9a5402102e226417738ee22cf1f2;0x
0xdb63d40c033d35e79cdbb21430f0fe10e9d97303;0x
0x926a74c5c36adf004c87399e65f75628b0f98d2c;0x
0xd4fd252d7d2c9479a8d616f510eac6243b5dddf9;0x
0x8da0d80f5007ef1e431dd2127178d224e32c2ef4;0x
0x0e8ba001a821f3ce0734763d008c9d7c957f5852;0x
0xc898fbee1cc94c0ff077faa5449915a506eff384;0x
0xe269e891a2ec8585a378882ffa531141205e92e9;0x
0x58a5959a6c528c5d5e03f7b9e5102350e24005f1;0x
0x2cc42d1cd65af27cc999e41ef93d1a763dc821f8;0x
0x4524baa98f9a3b9dec57caae7633936ef96bd708;0x
0xc22d5b2951db72b44cfb8089bb8cd374a3c354ea;0x
0xd2045edc40199019e221d71c0913343f7908d0d5;0x
0xa258b39954cef5cb142fd567a46cddb31a670124;0x
0x55890b06f0877a01bb5349d93b202961f8e27a9b;0x
0x0681e844593a051e2882ec897ecd5444efe19ff2;0x
0x7219612be7036d1bfa933e16ca1246008f38c5fe;0x
0x5e150a33ffa97a8d22f59c77ae5487b089ef62e9;0x
0xae76c84c9262cdb9abc0c2c8888e62db8e22a0bf;0x
0xc02aaa39b223fe8d0a0e5c4f27ead9083c756cc2;0x
0x2956356cd2a2bf3202f771f50d3d14a367b48070;0x
0xe41d2489571d322189246dafa5ebde1f4699f498;0x
0x6631625a68b08e0fdf605c354ff0e710a0176c84;airdrop
0x617c69250f678215f39ab00328ea9d06d77ab778;airdrop
0x7e760ad2a3e901bf034daa53222286524a4fbcf6;airdrop
0xcf6cc4dddad0924e0b55a394cfb4c442822f6311;airdrop
0x51f43d0c05eefdeb70eeaf973e0b8286e494902d;airdrop
0xc12d1c73ee7dc3615ba4e37e4abfdbddfa38907e;airdrop
0xa5025faba6e70b84f74e9b1113e5f7f4e7f4859f;airdrop
0x61D80088c69f0874963dCD655dE7E0b851CEef61;airdrop
0x862CB5B6EEAaFB26Ebb137e0c3C5d7728800439A;airdrop
0xb59fDfF77a6175DFA4fE7aF4281a52f61611eAa2;airdrop
0x19E0466a18E5A375621b327cE781C64B84443A1b;airdrop
0xaAaAa798ebB90066788951E0Fc03BC71e6Bc2b51;airdrop
0x1CBd39B61919b41e22b1EB8bC564E67Cae7376b9;airdrop
0x1f573d6fb3f13d689ff844b4ce37794d79a7ff1c;bancor
0x77a77eca75445841875ebb67a33d0a97dc34d924;bancor
0xca83bd8c4c7b1c0409b25fbd7e70b1ef57629ff4;bancor
0x3839416bd0095d97be9b354cbfb0f6807d4d609e;bancor
0x079cf5c7b29067708bf653fbb93d7f619d9287a9;bancor
0x7bac8115f3789f4d7a3bfe241eb1bcb4d7f71665;bancor
0xa6f89e1d3de44691ef031706e13c1ad091fd60f6;bancor
0x38a3fc625df834dd34e8ede60e10cd3024a6650e;bancor
0xc11cce040583640001f5a7e945dfd82f662cc0ae;bancor
0xef21c67740da0b286ab3a431f1dd5409a41eff2d;bancor
0xd0c1bdb51514f144f11169140d408c26bd89f9e5;bancor
0x6c722b811ea96f2ea89436aeea70a3bcd91f669b;bancor
0x8cfcd76160a695303ec6f8dfacaa347fd6ae6f6f;bancor
0x0c41f4e6339e9c8635062f39d976789dbd832b09;bancor
0xaa8cec9cbd7d051ba86d9deff1ec0775bd4b13c5;bancor
0xedcc9346d266c78364f21b1aca88641be7ca73e1;bancor
0x3b0116363e435d9e4ef24eca6282a21b7cc662df;bancor
0x46ffcdc6d8e6ed69f124d944bbfe0ac74f8fcf7f;bancor
0xc02d4bd00f642d2821e4279c810dd7b6e49264f8;bancor
0x99f357f722ec3e456af0eb530c1c14a3251305ad;bancor
0x751b934e7496e437503d74d0679a45e49c0b7071;bancor
0x3167cc146d228c6977dcbada380df926b39865b1;bancor
0x5142127a6703f5fc80bf11b7b57ff68998f218e4;bancor
0x73314db8f62312e6a1fb365c3a98599119a91c74;bancor
0xc18166e01970be040d8c7761cdd1c3372ae1edf0;bancor
0x69e37aba9b520a204bb0baebd76b0ac1a2390b37;bancor
0xc893f7e271d1436ae3758cd59d5242884c02fb7f;bancor
0x2596aada3c9290293433adcb3359c9a04112eb16;bancor
0xf346a9884bf8f858848268fb9d8ab31dae4b323f;bancor
0x07cff9c779702a57a4da4b15ef9a0af58e9472d3;bancor
0x593a70c88a14188f05636f9173a63128540a5890;bancor
0x587044b74004e3d5ef2d453b7f8d198d9e4cb558;bancor
0x20d23c7a4b2ea38f9dc885bd25b1bc8c2601d44d;bancor
0x8658863984d116d4b3a0a5af45979eceac8a62f1;bancor
0xf4327c919854cb099ac574a22f5fba901e2025c4;bancor
0xfa968bc2e4768d431ffec4ee64307f8152e1c9f1;bancor
0x71168843b49e305e4d53de158683903ef261b37f;bancor
0xe86d3a9bada1b7adcc32abde0522861b1dc7973a;bancor
0x445556b7215349b205997aaaf6c6dfa258eb029d;bancor
0x645a3f2fa86be27a4d9a3cc93a73f27b33df766f;bancor
0xb5a5a031d8b8577871384be6055b2ea29fac064c;bancor
0x0d8746c7bfac7494904d4133c550c72b02c7cdbb;bancor
0x0a9ed23490cf8f89e750bbc3e28f96502bb45491;bancor
0x9f547e89078b24d0e2269ba08eb411102e98ca14;bancor
0x2ce573c05c9b8f6ef1a476cc40250972f1f3d63c;bancor
0x2723a5af933ff0a3522a301015544be366e6ee31;bancor
0xc44330a585c3408392afb85b7018178bd4bae219;bancor
0x810c99c5de0a673e4bc86090f9bfe96a6d1b49a7;bancor
0x8bb76c5ae6b7d6bd1678510edd06444acdf8f72b;bancor
0x38ef8fd7cfd46d615ebf7788bc7225906b58406f;bancor
0x32d4fb837f41955b81556f74dadb2c5b8a0d0989;bancor
0x3f7ba8b8f663fddb47568cca30eac7aed3d2f1a3;bancor
0xe88d6d63389d5c91e6348e379913f330739ad2c4;bancor
0xc6aacdf2cb021515009098025a0ece472608918e;bancor
0xb19710f3bdb4df4c781b9dc3cd62979921878280;bancor
0xc7151af2e9d1a702a61fcb655e2334bfee5b5faf;bancor
0x14609cca8a69c734f7ba6dca3f723c4fbbeb6b43;bancor
0xe9800c0b73a71be61d49a61fa3b2320ee524fb3d;bancor
0xcde79f10b689a716029d0edb54de78b1bbc14957;bancor
0x94c654fef85b8b0a982909a6ca45b66bb2384236;bancor
0x6411a822850dcfe2fae215248e47de77b1738bea;bancor
0xbafc0bf857ae9b8feaed937ac90e44d90a487c72;bancor
0x72844ab8b5f59c0251bcce6ef5f2be92d7528c1a;bancor
0x0fec04a7526f601a1019edcd5d5b003101c46a0c;bancor
0x952eb7dc904f6f8b6b0bc6c5c99d45143e743cd7;bancor
0xe65c7e27c1c086f26ce0daa986c3d9c24ef3c2d8;bancor
0xe0569fd1c3f0affd7e08131a16c06f3381c9355a;bancor
0x6b431a7a99780819473722161ee9145e5649c5e2;bancor
0x2d56d1904bb750675c0a55ca7339f971f48d9dda;bancor
0x11614c5f1eb215ecffe657da56d3dd12df395dc8;bancor
0xff79b6660b02b4625e4faef219f297cb58c878c6;bancor
0x08cf6f1d9c2ad6d255485aed627d701ca29c8007;bancor
0x2ac0e433c3c9ad816db79852d6f933b0b117aefe;bancor
0x2769eb86e3acdda921c4f36cfe6cad035d95d31b;bancor
0x8c2036ce61648fcddffb06d6d11fe0b479ed63fe;bancor
0x8fd5bfbc2f61a450400ae275e64d1e171c05b639;bancor
0x32131848edc60e032abf0369241d34ec969ebf90;bancor
0x8e7fc617e87b39bd5fe1767a95afa53d2c79f147;bancor
0xe27cf7324e6377bddc48db6bac642839ffa9bb36;bancor
0x8b30e174bddb3c0376e666afb8a4196e2f53182d;bancor
0x635c9c9940d512bf5cb455706a28f9c7174d307f;bancor
0xf2859ea69231af73609a1f22efd1059892915c77;bancor
0xd361339550cd8b3e9446bbb12aea337785a7aea4;bancor
0xc31db08240a11df6a4c159ff4e6d69f484fc3828;bancor
0xfe75413e059eecf6eb2b92f06456276e8596862b;bancor
0x599485dc0f3d8b308b973b2db5cd44bae46d31c4;bancor
0xd3a3bace3d61f6f5d16a9b415d51813cd2ea3887;bancor
0x73f73391e5f56ce371a61fc3e18200a73d44cf6f;bancor
0xbb9859dca5b269e787e9dd6042db46b07515fc4b;bancor
0xdb9272880400e0ae8e522994f6a959122d94c7b7;bancor
0x2f3cdf19a7ed0352f96440dac92a6d2959719c07;bancor
0xc04b5a4556d00bca8eac5f5acca31981a6597409;bancor
0x0b1bb711524f9d43515b5424c029f2e3beed1ffc;bancor
0xce1e2b5ffe4d441abafd136768f24867101dfa50;bancor
0xb952ccbc1893c4dd1701bde249e62fc3ed357967;bancor
0x58c46d06cfdcf9ca2cb590d7b79b12ffa8adce04;bancor
0xa7a402266ceea0652ea8eafd919d619d16bee134;bancor
0x3b42239a8bc2f07bb16b17578fe44ff2422c16f6;bancor
0xbe1daf05bf9e054b3e28b7e9c318819ef5dacb58;bancor
0x4f88dfc8e1d7ba696db158656457797cfbdfb844;bancor
0x0cfbed1bd80bd8a740f24ec5fca8e8d1a9f87052;bancor
0x8c73126b85f59d85aa61391579b4c2710dd70f96;bancor
0xba2be1cd1f00470c21385b7cbed6211aefac0172;bancor
0x66906318f947e519da5e6a0f8c88ddd1610d3621;bancor
0x2dad2c84f6c3957ef4b83a5df6f1339dfd9e6080;bancor
0x4f138e1ceec7b33dfa4f3051594ec016a08c7513;bancor
0x7172c5b24bdce3b93a78c53ef1ece011b0472c1b;bancor
0x83e240d1cbc6ec7f394cd6ba5ed01b7fcdf44ed5;bancor
0x0d1fa37b1dfd006e8f6fab6fa0d2351856030ef5;bancor
0x9a3487c0d300c4d3a7b3ff38d7a18c53c66f1c49;bancor
0xa2630fc0233940779f25dfdcff3abbdc85682a4c;bancor
0x5039d9b575bd5722d310af6d2fc11e053c6d03da;bancor
0x9571c052c01fa73e58334c02a57e421045f7ab9a;bancor
0x37c88474b5d6c593bbd2e4ce16635c08f8215b1e;bancor
0xfd9e980adb3d1f9e9ff515aff99e454ad839bdfa;bancor
0xb2bc3b9558a22a73edd531c590593f5e4e3370a7;bancor
0xc3a60d674712019611fd68febb45a89ba766c8ef;bancor
0xea8d77d7328fb6b9b9bb5df4bd16e390d07ca4ff;bancor
0x1d9d9670351d7a05c19ed7c06d3085dcbef68264;bancor
0x578f3c8454f316293dbd31d8c7806050f3b3e2d8;bancor
0x8b56ef96c1cc67dac0a57ccea197a2ef1568ad33;bancor
0x34e4e501dfa903c7c1c7b7f82a56b870838b5274;bancor
0x4c789df2c1e21bb17c5ab24ed95d6abeb114726b;bancor
0xd9f5599c07be8eb4bb420fb258af6c25c7154866;bancor
0xc6725ae749677f21e4d8f85f41cfb6de49b9db29;bancor
0x9b10206f236669f4f40e8e9806de9ab1813d3f65;bancor
0x02b5e0c10862c8d24585c00282bde99d09831a6c;bancor
0xec64bd6efff779637f10b58109ff74e4f4212918;bancor
0x7dfebdd6902f3df5a0f247d18f7895116f640bd1;bancor
0xee5f5354f261383e67a45a65307e636bfda2d100;bancor
0xf3ed5b15618494ddbd0a57b3bca8b2686ac0bc04;bancor
0x68c41a0bbe7c936f68764f01b170154b657a194c;bancor
0x02f8fa04877be844e073eb8effeb48c420b33abe;bancor
0xd7169672b25271d379cc2c022dfe0ceebb3f006f;bancor
0xecc17838dcc6ed1be59c7b3aadc015c7299c72ec;bancor
0x7768a2e685da843a7dcf9a0f09b4d03d8d7fb6c4;bancor
0x07d30104ba4d9eb4a845db1142bf9aa1f5a93d97;bancor
0x42d2c774b30f53b81a1468f894d8405cdff07b83;bancor
0x9bd60265d6e894dbbbba55eb76c6c9dd09efb22e;bancor
0x4ccd6c8da3e35f60c3328388d46f64f1be49b41f;bancor
0x6a4ebd8ce47b1362ea809d93f1beb744c4ffd7ee;bancor
0x315b9696cd3c83bb3e082f5c7f612cd2126f90d1;bancor
0xa8ace92ea2d9174f75208ee44495f459e0491a96;bancor
0x2b2ed53e664d3616a20347cc0ff8940521784d47;bancor
0x08bba7fb279915d7bfd08670571cc978e88a03f6;bancor
0xb018af916ed0116404537d1238b18988d652733a;bancor
0xb85e52268cbf57b97ae15136aa65d4f567b8107c;bancor
0x7e4b0abad3407b87a381c1c05af78d7ad42975e7;bancor
0xde6a1e3702c31ae9e13ec316fce463278c8962d3;bancor
0xe103038c907625be740aa467cf597c7e89d5c5ad;bancor
0x8ea7865cdf06ed8bfaf3826fdd34ecb6d596d612;bancor
0x51907923c3280c24b6b69b0d217ea34cabde684d;bancor
0x788ca5935759c06ea223d0e2cf5ea5729d669c18;bancor
0xe53730216bafc67e12d371047fa9f18fa4cfd93c;bancor
0xb316cb2de8f2e6aed5a78a586f1c8dcc80c48802;bancor
0xf458fd28e012e4a36f744384acc244d7bc38bb96;bancor
0x50dc56ae4dd8cdeded5a88a6670792d343645c28;bancor
0xdd9b82c59aa260b2a834ec67c472f43b40a2e6f1;bancor
0x90944f5091801c2d12aea94575287c68734b0a63;bancor
0x25d4aef414ea092fbcbd83fd30e89e15cf820d0a;bancor
0x967f1c667fc490ddd2fb941e3a461223c03d40e9;bancor
0x9c3a65ef4dae8655d7725ada3dd7711cfcc19ef5;bancor
0x123e3506bc08c14b15f1a967e27c26b108557db2;bancor
0xf692c39b488e12ce9f9c926fe047ed77b07a18d3;bancor
0x2b9eab2098e4a363a114aa6934f5c3cdea8149a3;bancor
0xa3a89db39f4cbfb8753259456332ce8373ff5bad;bancor
0xa0db892affca7ec5ba3cea5d03fc0bc53db34036;bancor
0xac1b275f272f15c226b4e099a4cbf4e53b366cc7;bancor
0xff8d1014da6382f4c07461fbd5f3bed733b229f1;bancor
0x2c2d1113dd9f40fad1b04cf23af9da84c37efcf3;bancor
0xcbc7e6dccfaaf6ed2e8346ceda633f77247eb84c;bancor
0x3524bf63a3c97ed21f13f7621d14d2fe486d994c;bancor
0xce194c194cda85d93557867c2e88dc9f5bcd01f1;bancor
0x0da2dafba09ff64d3ee93e0ed03df74f4236597e;bancor
0xfec548e321d1776867821bd8697e147eda5e8f20;bancor
0x60dfa58865b9cce905cf570d6e2bfa7899ce0b2b;bancor
0x4d0e06c099dcb0ee61d0f937844376b9ab1edcc7;bancor
0x30e6800ed789eae132c6897e78b38b3d389e97bf;bancor
0xe18e79a0e53fd57aea0e748c8d8da54b85a68d51;bancor
0x287565333c9cafd57ad7241ccb1d29de976bb5f8;bancor
0x9a41b63664fd1bdf52024e8a3998d7c6a3839d62;bancor
0x0f1c029c5d7f626f6820bfe0f6a7b2ac48746ddf;bancor
0xa4eeb26d8a0d30b748d3a29705e51e5325f2914a;bancor
0x39a23012c065e0a93a6e268717c8b0f25f0430e9;bancor
0xfcce45b7768df12df0ca94d2765983540d366b3f;bancor
0x6467738e59dac6ca0675cca98a9ec2e45a3f774c;bancor
0x58b249b613ce917b6ccc2f66787856ef39f4f0b6;bancor
0x8606704880234178125b2d44cbbe190ccdbde015;bancor
0xa2537d2efd038b90b192ecabb8126e282cd538e0;bancor
0x83c1ded540d8b6b734885ed9083a5c4e4f142e73;bancor
0xdf76e7e26f6ee937f09a3f17f1d7047c0f928e12;bancor
0xa9aabbfa7d2f1a7e946186cdfe056c9693fe3841;bancor
0xaf6a5b0998ff41355f3b4fe1ab96d89bd2c487d3;bancor
0xab2b2957d734d069b93227dfab93f1302f1930ab;bancor
0x82c970c55711dc5f33aa40fee6614fbb857ceb83;bancor
0xb33f5f5172fce076e9355afcf2529982260b7a4b;bancor
0x7da9fcec7d8cd0e13d0dac193fffe4cbe888814c;bancor
0x60f3eb9a29a9f5bcac65491cab1638e9675a3f43;bancor
0xed3e80e059b0ab32b55048fe01c6c3386386e20c;bancor
0x09ce1ba1bd31b1395c3e7560afd393b0e014e344;bancor
0x874d5e5654811af020bf3530d8fd49abb7fdf7a7;bancor
0xd76b5c2a23ef78368d8e34288b5b65d616b746ae;bancor
0xc0829421c1d260bd3cb3e0f06cfe2d52db2ce315;bancor
0x607a5c47978e2eb6d59c6c6f51bc0bf411f4b85a;bancor
0x5894110995b8c8401bd38262ba0c8ee41d4e4658;bancor
0x67e4bbe50fbc74633dfd9f7683465c02af896541;bancor
0xcc1aac4513f751effc94e259daf8a37b76f9db75;bancor
0x4f8af8e8734d02a21d73e2a4fb29941f35cbbeac;bancor
0xc39e562defc6ddd1f44ee698cf9303092b86051d;bancor
0x7ec6a713197fcbb4cfe7213800470b0940268549;bancor
0xbbc79794599b19274850492394004087cbf89710;bancor
0xa7b4d5cbfd5e96704f758c98f1248b6a6ff09071;donate
0x635599b0ab4b5c6b1392e0a2d1d69cf7d1dddf02;donate
0x8b99f3660622e21f2910ecca7fbe51d654a1517d;donate
0xc59c1f61208b14ac1b5d9dcc91a795dc078d9d13;donate
0x0e7e676328921e8a0f871bb87a9258be0e047055;donate
0x66a836664adc7c525c0cc4527dee8619d4faf669;donate
0x0c60c6ab49dc7a0ec91b6bc856b753afa072b375;donate
0xf1d402c0175a9fa80dd770e82fa0bd50fdab0ebd;donate
0xf30b6efd7b77ad91c2a9d12fdb4dfe38dbc506f8;donate
0x9acfb1c50da185b96d8534cab05cb017185d85dd;donate
0x4cdc86fa95ec2704f0849825f1f8b077deed8d39;donate
0xaf5cdbbabdeaa5f79eb7dbac4c2884a54ba5bc05;donate
0x8ce1ef31ee55326cb4a8234a1bd9df3562644520;donate
0xea7263feb7d8a8ab0a11eedd8f1ce04412ab0820;donate
0xf9196f9f176fd2ef9243e8960817d5fbe63d79aa;donate
0x661b5dc032bedb210f225df4b1aa2bdd669b38bc;donate
0xdb0387a01592c6a5cb4efc368c1acc0081de86e0;donate
0x71c7656ec7ab88b098defb751b7401b5f6d8976f;donate
0xb3f04f0c276fa1177c1779f6e1e156b2738ea392;donate
0xa19fcdad77c1f0fd184689aca88babcf68010347;donate
0x0de0bcb0703ff8f1aeb8c892edbe692683bd8030;donate
0xfb6916095ca1df60bb79ce92ce3ea74c37c5d359;donate
0xc183aa3924ceed27a182f3ede001bb7ef843d4bb;donate
0x30f938fed5de6e06a9a7cd2ac3517131c317b1e7;donate
0xcafe09e2340760d8aa1a9a64bb6d6b5e87ae2d70;donate
0x4183c5f2ff12ef8d98c635f07f10dae20c9ccd6b;donate
0xc48e23c5f6e1ea0baef6530734edc3968f79af2e;donate
0xcf07042ad1d220f4d0018c7a92f56fcea2c416ee;donate
0x7765e3e6f5f6ee9f77e0c50564362da3b5479580;donate
0x501d8e0e5e146ca0af35ae2a3be8fd5661bf7db5;donate
0x25c4a76e7d118705e7ea2e9b7d8c59930d8acd3b;donate
0x78b801cc0fbd8d732722474fafe1feb52f2db5f6;donate
0xc041154d39f54fdeb90ac5d64b2414c5024080aa;donate
0x4bbeeb066ed09b7aed07bf39eee0460dfa261520;donate
0xdecaf9cd2367cdbb726e904cd6397edfcae6068d;donate
0x19ed10db2960b9b21283fdfde464e7bf3a87d05d;donate
 0x9b984d5a03980d8dc0a24506c968465424c81dbe;donate
0x017e99ae6cd397746178f191c4510077412f624e;donate
0x68065ca481bfb5e84c0d0e1ceae3021786f9aec6;donate
0x8589427373d6d84e98730d7795d8f6f8731fda16;donate
0x8e6fb8f04c6b517b9313dac2495bff0787ad54a4;donate
0xd556caf704e39fc728058557a113b226207d2212;donate
0xe96e2181f6166a37ea4c04f6e6e2bd672d72acc1;donate
0x05f51aab068caa6ab7eeb672f88c180f67f17ec7;exchange
0xf0c80fb9fb22bef8269cb6feb9a51130288a671f;exchange
0x94597850916a49b3b152ee374e97260b99249f5b;exchange
0x4df5f3610e2471095a130d7d934d551f3dde01ed;exchange
0xadb72986ead16bdbc99208086bd431c1aa38938e;exchange
0x7a10ec7d68a048bdae36a70e93532d31423170fa;exchange
0xce1bf8e51f8b39e51c6184e059786d1c0eaf360f;exchange
0xf73c3c65bde10bf26c2e1763104e609a41702efe;exchange
0xd3808c5d48903be1490989f3fce2a2b3890e8eb6;exchange
0x0bb5de248dbbd31ee6c402c3c4a70293024acf74;exchange
0xa30d8157911ef23c46c0eb71889efe6a648a41f7;exchange
0x6efb20f61b80f6a7ebe7a107bace58288a51fb34;exchange
0xf7793d27a1b76cdf14db7c83e82c772cf7c92910;exchange
0x3f5ce5fbfe3e9af3971dd833d26ba9b5c936f0be;exchange
0xd551234ae421e3bcba99a0da6d736074f22192ff;exchange
0x564286362092d8e7936f0549571a803b203aaced;exchange
0x0681d8db095565fe8a346fa0277bffde9c0edbbf;exchange
0xfe9e8709d3215310075d67e3ed32a380ccf451c8;exchange
0x4e9ce36e442e55ecd9025b9a6e0d88485d628a67;exchange
0xbe0eb53f46cd790cd13851d5eff43d12404d33e8;exchange
0xf977814e90da44bfa03b6295a0616a897441acec;exchange
0x001866ae5b3de6caa5a51543fd9fb64f524f5478;exchange
0xab83d182f3485cf1d6ccdd34c7cfef95b4c08da4;exchange
0x4b729cf402cfcffd057e254924b32241aedc1795;exchange
 0x7c49e1c0e33f3efb57d64b7690fa287c8d15b90a;exchange
0x5d375281582791a38e0348915fa9cbc6139e9c2a;exchange
0xdf5021a4c1401f1125cd347e394d977630e17cf7;exchange
0x28ebe764b8f9a853509840645216d3c2c0fd774b;exchange
0x1151314c646ce4e0efd76d1af4760ae66a9fe30f;exchange
0x742d35cc6634c0532925a3b844bc454e4438f44e;exchange
0x876eabf441b2ee5b5b0554fd502a8e0600950cfa;exchange
0xab7c74abc0c4d48d1bdad5dcb26153fc8780f83e;exchange
0xc6cde7c39eb2f0f0095f41570af89efc2c1ea828;exchange
0x88d34944cf554e9cccf4a24292d891f620e9c94f;exchange
0x186549a4ae594fc1f70ba4cffdac714b405be3f9;exchange
0xd273bd546b11bd60214a2f9d71f22a088aafe31b;exchange
0x3052cd6bf951449a984fe4b5a38b46aef9455c8e;exchange
0x2140efd7ba31169c69dfff6cdc66c542f0211825;exchange
0xa0ff1e0f30b5dda2dc01e7e828290bc72b71e57d;exchange
0xc1da8f69e4881efe341600620268934ef01a3e63;exchange
0xb4460b75254ce0563bb68ec219208344c7ea838c;exchange
0x15878e87c685f866edfaf454be6dc06fa517b35b;exchange
0x31d03f07178bcd74f9099afebd23b0ae30184ab5;exchange
0xed48dc0628789c2956b1e41726d062a86ec45bff;exchange
0x3fbe1f8fc5ddb27d428aa60f661eaaab0d2000ce;exchange
0xe79eef9b9388a4ff70ed7ec5bccd5b928ebb8bd1;exchange
0x03bdf69b1322d623836afbd27679a1c0afa067e9;exchange
0x4b1a99467a284cc690e3237bc69105956816f762;exchange
0x986a2fca9eda0e06fbf7839b89bfc006ee2a23dd;exchange
0x00bdb5699745f5b860228c8f939abf1b9ae374ed;exchange
0x1522900b6dafac587d499a862861c0869be6e428;exchange
0x9a9bed3eb03e386d66f8a29dc67dc29bbb1ccb72;exchange
0x059799f2261d37b829c2850cee67b5b975432271;exchange
0x4c766def136f59f6494f0969b1355882080cf8e0;exchange
0xc5b611f502a0dcf6c3188fd494061ae29b2baa4f;exchange
0x1b8a38ea02ceda9440e00c1aeba26ee2dc570423;exchange
0xfbb1b73c4f0bda4f67dca266ce6ef42f520fbb98;exchange
0xe94b04a0fed112f3664e45adb2b8915693dd5ff3;exchange
0x66f820a414680b5bcda5eeca5dea238543f42054;exchange
0xaa90b4aae74cee41e004bc45e45a427406c4dcae;exchange
0xf8d04a720520d0bcbc722b1d21ca194aa22699f2;exchange
0xfb9f7f41319157ac5c5dccae308a63a4337ad5d9;exchange
0x00cdc153aa8894d08207719fe921fff964f28ba3;exchange
0x1c00d840ccaa67c494109f46e55cfeb2d8562f5c;exchange
0x73957709695e73fd175582105c44743cf0fb6f2f;exchange
0xd7c866d0d536937bf9123e02f7c052446588189f;exchange
0x4dc98c79a52968a6c20ce9a7a08d5e8d1c2d5605;exchange
0x88988d6ef12d7084e34814b9edafa01ae0d05082;exchange
0x72bcfa6932feacd91cb2ea44b0731ed8ae04d0d3;exchange
0x7a56f645dcb513d0326cbaa048e9106ff6d4cd5f;exchange
0xfd648cc72f1b4e71cbdda7a0a91fe34d32abd656;exchange
0x96fc4553a00c117c5b0bed950dd625d1c16dc894;exchange
0x8958618332df62af93053cb9c535e26462c959b0;exchange
0xb726da4fbdc3e4dbda97bb20998cf899b0e727e0;exchange
0x9539e0b14021a43cde41d9d45dc34969be9c7cb0;exchange
0x33683b94334eebc9bd3ea85ddbda4a86fb461405;exchange
0xb6ba1931e4e74fd080587688f6db10e830f810d5;exchange
0xb9ee1e551f538a464e8f8c41e9904498505b49b0;exchange
0x4b01721f0244e7c5b5f63c20942850e447f5a5ee;exchange
0x1d1bd550197c7c0787b9ad0aea9c1cca66ee0e90;exchange
0xa270f3ad1a7a82e6a3157f12a900f1e25bc4fbfd;exchange
0x167a9333bf582556f35bd4d16a7e80e191aa6476;exchange
0x1e2fcfd26d36183f1a5d90f0e6296915b02bcb40;exchange
0x0d6b5a54f940bf3d52e438cab785981aaefdf40c;exchange
0xd1560b3984b7481cd9a8f40435a53c860187174d;exchange
0x521db06bf657ed1d6c98553a70319a8ddbac75a3;exchange
0x5baeac0a0417a05733884852aa068b706967e790;exchange
0x2984581ece53a4390d1f568673cf693139c97049;exchange
0xe17ee7b3c676701c66b395a35f0df4c2276a344e;exchange
0x8d76166c22658a144c0211d87abf152e6a2d9d95;exchange
0x1fd6267f0d86f62d88172b998390afee2a1f54b6;exchange
0xd7b9a9b2f665849c4071ad5af77d8c76aa30fb32;exchange
0x94fe3ad91dacba8ec4b82f56ff7c122181f1535d;exchange
0x915d7915f2b469bb654a7d903a5d4417cb8ea7df;exchange
0x4e5b2e1dc63f6b91cb6cd759936495434c7e972f;exchange
0x2faf487a4414fe77e2327f0bf4ae2a264a776ad2;exchange
0x0d0707963952f2fba59dd06f2b425ace40b492fe;exchange
0x7793cd85c11a924478d358d49b05b37e91b5810f;exchange
0x1c4b70a3968436b9a0a9cf5205c787eb81bb558c;exchange
0xd793281182a0e3e023116004778f45c29fc14f19;exchange
0x9f5ca0012b9b72e8f3db57092a6f26bf4f13dc69;exchange
0xd24400ae8bfebb18ca49be86258a3c749cf46853;exchange
0x6fc82a5fe25a5cdb58bc74600a40a69c065263f8;exchange
0x61edcdf5bb737adffe5043706e7c5bb1f1a56eea;exchange
0x07ee55aa48bb72dcc6e9d78256648910de513eca;exchange
0x9fb01a2584aac5aae3fab1ed25f86c5269b32999;exchange
0x9c67e141c0472115aa1b98bd0088418be68fd249;exchange
0x59a5208b32e627891c389ebafc644145224006e8;exchange
0xa12431d0b9db640034b0cdfceef9cce161e62be4;exchange
0x274f3c32c90517975e29dfc209a23f315c1e5fc7;exchange
0x8533a0bd9310eb63e7cc8e1116c18a3d67b1976a;exchange
0xab5c66752a9e8167967685f1450532fb96d5d24f;exchange
0xe93381fb4c4f14bda253907b18fad305d799241a;exchange
0xfa4b5be3f2f84f56703c42eb22142744e95a2c58;exchange
0x46705dfff24256421a05d056c29e81bdc09723b8;exchange
0x32598293906b5b17c27d657db3ad2c9b3f3e4265;exchange
0x5861b8446a2f6e19a067874c133f04c578928727;exchange
0x926fc576b7facf6ae2d08ee2d4734c134a743988;exchange
0xeec606a66edb6f497662ea31b5eb1610da87ab5f;exchange
0x7ef35bb398e0416b81b019fea395219b65c52164;exchange
0x229b5c097f9b35009ca1321ad2034d4b3d5070f6;exchange
0xd8a83b72377476d0a66683cde20a8aad0b628713;exchange
0x6748f50f686bfbca6fe8ad62b22228b87f31ff2b;exchange
0x90e9ddd9d8d5ae4e3763d0cf856c97594dea7325;exchange
0x18916e1a2933cb349145a280473a5de8eb6630cb;exchange
0x6f48a3e70f0251d1e83a989e62aaa2281a6d5380;exchange
0xf056f435ba0cc4fcd2f1b17e3766549ffc404b94;exchange
0x137ad9c4777e1d36e4b605e745e8f37b2b62e9c5;exchange
0x5401dbf7da53e1c9dbf484e3d69505815f2f5e6e;exchange
0x034f854b44d28e26386c1bc37ff9b20c6380b00d;exchange
0x0577a79cfc63bbc0df38833ff4c4a3bf2095b404;exchange
0x0c6c34cdd915845376fb5407e0895196c9dd4eec;exchange
0x794d28ac31bcb136294761a556b68d2634094153;exchange
0xfdb16996831753d5331ff813c29a93c76834a0ad;exchange
0xfd54078badd5653571726c3370afb127351a6f26;exchange
0xb4cd0386d2db86f30c1a11c2b8c4f4185c1dade9;exchange
0x4d77a1144dc74f26838b69391a6d3b1e403d0990;exchange
0x28ffe35688ffffd0659aee2e34778b0ae4e193ad;exchange
0xcac725bef4f114f728cbcfd744a731c2a463c3fc;exchange
0xeee28d484628d41a82d01e21d12e2e78d69920da;exchange
0x5c985e89dde482efe97ea9f1950ad149eb73829b;exchange
0xdc76cd25977e0a5ae17155770273ad58648900d3;exchange
0xadb2b42f6bd96f5c65920b9ac88619dce4166f94;exchange
0xa8660c8ffd6d578f657b72c0c811284aef0b735e;exchange
0x1062a747393198f70f71ec65a582423dba7e5ab3;exchange
0x3c11c3025ce387d76c2eddf1493ec55a8cc2a0f7;exchange
0x51836a753e344257b361519e948ffcaf5fb8d521;exchange
0x9cbadd5ce7e14742f70414a6dcbd4e7bb8712719;exchange
0x2910543af39aba0cd09dbb2d50200b3e800a63d2;exchange
0x0a869d79a7052c7f1b55a8ebabbea3420f0d1e13;exchange
0xe853c56864a2ebe4576a807d26fdc4a0ada51919;exchange
0x267be1c1d684f78cb4f6a176c4911b741e4ffdc0;exchange
0xfa52274dd61e1643d2205169732f29114bc240b3;exchange
0xe8a0e282e6a3e8023465accd47fae39dd5db010b;exchange
0x629a7144235259336ea2694167f3c8b856edd7dc;exchange
0x30b71d015f60e2f959743038ce0aaec9b4c1ea44;exchange
0x2b5634c42055806a59e9107ed44d43c426e58258;exchange
0x689c56aef474df92d44a1b70850f808488f9769c;exchange
0xea81ce54a0afa10a027f65503bd52fba83d745b8;exchange
0x0861fca546225fbf8806986d211c8398f7457734;exchange
0x7891b20c690605f4e370d6944c8a5dbfac5a451c;exchange
0x1b6c1a0e20af81b922cb454c3e52408496ee7201;exchange
0x8271b2e8cbe29396e9563229030c89679b9470db;exchange
0x5e575279bf9f4acf0a130c186861454247394c06;exchange
0xedbb72e6b3cf66a792bff7faac5ea769fe810517;exchange
0x243bec9256c9a3469da22103891465b47583d9f1;exchange
0xe03c23519e18d64f144d2800e30e81b0065c48b5;exchange
0x75e89d5979e4f6fba9f97c104c2f0afb3f1dcb88;exchange
0x0211f3cedbef3143223d3acf0e589747933e8527;exchange
0xae7006588d03bd15d6954e3084a7e644596bc251;exchange
0x6cc5f688a315f3dc28a7781717a9a798a59fda7b;exchange
0x236f9f97e0e62388479bf9e5ba4889e46b0273c3;exchange
0xa7efae728d2936e78bda97dc267687568dd593f3;exchange
0x03e3ff995863828554282e80870b489cc31dc8bc;exchange
0xaeec6f5aca72f3a005af1b3420ab8c8c7009bac8;exchange
0xbd8ef191caa1571e8ad4619ae894e07a75de0c35;exchange
0x2bb97b6cf6ffe53576032c11711d59bd056830ee;exchange
0xfb90501083a3b6af766c8da35d3dde01eb0d2a68;exchange
0xd4dcd2459bb78d7a645aa7e196857d421b10d93f;exchange
0x32be343b94f860124dc4fee278fdcbd38c102d88;exchange
0x209c4784ab1e8183cf58ca33cb740efbf3fc18ef;exchange
0xb794f5ea0ba39494ce839613fffba74279579268;exchange
0xa910f92acdaf488fa6ef02174fb86208ad7722ba;exchange
0xaa9fa73dfe17ecaa2c89b39f0bb2779613c5fc3b;exchange
0x2fa2bc2ce6a4f92952921a4caa46b3727d24a1ec;exchange
0x31a2feb9b5d3b5f4e76c71d6c92fc46ebb3cb1c1;exchange
0x6b71834d65c5c4d8ed158d54b47e6ea4ff4e5437;exchange
0x48d466b7c0d32b61e8a82cd2bcf060f7c3f966df;exchange
0x0536806df512d6cdde913cf95c9886f65b1d3462;exchange
0x8d451ae5ee8f557a9ce7a9d7be8a8cb40002d5cb;exchange
0xbd2ec7c608a06fe975dbdca729e84dedb34ecc21;exchange
0xc0e30823e5e628df8bc9bf2636a347e1512f0ecb;exchange
0x65f9b2e4d7aaeb40ffea8c6f5844d5ad7da257e0;exchange
0x36b01066b7fa4a0fdb2968ea0256c848e9135674;exchange
0xab11204cfeaccffa63c2d23aef2ea9accdb0a0d5;exchange
0x6795cf8eb25585eadc356ae32ac6641016c550f2;exchange
0xfbf2173154f7625713be22e0504404ebfe021eae;exchange
0x6f803466bcd17f44fa18975bf7c509ba64bf3825;exchange
0xead6be34ce315940264519f250d8160f369fa5cd;exchange
0xd344539efe31f8b6de983a0cab4fb721fc69c547;exchange
0x5ca39c42f4dee3a5ba8fec3ad4902157d48700bf;exchange
0x2a048d9a8ffdd239f063b09854976c3049ae659c;exchange
0xb8cf411b956b3f9013c1d0ac8c909b086218207c;exchange
0x2819c144d5946404c0516b6f817a960db37d4929;exchange
0x120a270bbc009644e35f0bb6ab13f95b8199c4ad;exchange
0x9e6316f44baeeee5d41a1070516cc5fa47baf227;exchange
0x70faa28a6b8d6829a4b1e649d26ec9a2a39ba413;exchange
0x563b377a956c80d77a7c613a9343699ad6123911;exchange
0xd3273eba07248020bf98a8b560ec1576a612102f;exchange
0x3b0bc51ab9de1e5b7b6e34e5b960285805c41736;exchange
0xeed16856d551569d134530ee3967ec79995e2051;exchange
0x91f6d99b232153cb655ad3e0d05e13ef505f6cd5;exchange
0xe855283086fbee485aecf2084345a91424c23954;exchange
0xa96b536eef496e21f5432fd258b6f78cf3673f74;exchange
0xea3a46bd1dbd0620d80037f70d0bf7c7dc5a837c;exchange
0xed8204345a0cf4639d2db61a4877128fe5cf7599;exchange
0x3613ef1125a078ef96ffc898c4ec28d73c5b8c52;exchange
0x0a73573cf2903d2d8305b1ecb9e9730186a312ae;exchange
0x0068eb681ec52dbd9944517d785727310b494575;exchange
0xb2cc3cdd53fc9a1aeaf3a68edeba2736238ddc5d;exchange
0x1119aaefb02bf12b84d28a5d8ea48ec3c90ef1db;exchange
0x2f1233ec3a4930fd95874291db7da9e90dfb2f03;exchange
0x390de26d772d2e2005c6d1d24afc902bae37a4bb;exchange
0xba826fec90cefdf6706858e5fbafcb27a290fbe0;exchange
0x5e032243d507c743b061ef021e2ec7fcc6d3ab89;exchange
0xb436c96c6de1f50a160ed307317c275424dbe4f2;exchange
0xf5bec430576ff1b82e44ddb5a1c93f6f9d0884f3;exchange
0x8f3ab2c3b651382b07a76653d2be9eb4b87e1630;exchange
0xd94c9ff168dc6aebf9b6cc86deff54f3fb0afc33;exchange
0x42da8a05cb7ed9a43572b5ba1b8f82a0a6e263dc;exchange
0x700f6912e5753e91ea3fae877a2374a2db1245d7;exchange
0x60d0cc2ae15859f69bf74dadb8ae3bd58434976b;exchange
0x06012c8cf97bead5deae237070f9587f8e7a266d;game
0xb77feddb7e627a78140a2a32cac65a49ed1dba8e;game
0x57831a0c76ba6b4fdcbadd6cb48cb26e8fc15e93;game
0xb1690c08e213a35ed9bab7b318de14420fb57d8c;game
0xc7af99fe5513eb6710e6d5f44f9989da40f27f26;game
0x9b3554e6fc4f81531f6d43b611258bd1058ef6d5;game
0x9758c2abfe4c10ce5625589a9a8ab7b563963685;game
0xbdaed67214641b7eda3bf8d7431c3ae5fc46f466;game
0xed48484223e6cd3347aea641bc299e43282634a0;game
0x0b7bda8ad804cb3318ae8490b984c2883ada2154;game
0xf7a6e15dfd5cdd9ef12711bd757a9b6021abf643;game
0x4daa9dc438a77bd59e8a43c6d46cbfe84cd04255;game
0x5f5b176553e51171826d1a62e540bc30422c7717;game
0xa506758544a71943b5e8728d2df8ec9e72473a9a;game
0xbd13e53255ef917da7557db1b7d2d5c38a2efe24;game
0xb447030c916ba07a5a4aa50a379259e387c48182;game
0x5fcce8ab5500ed68ff5d6d75af1071195215d97e;game
0xb06ece7b0d5399ea0c381985f69585fdc355c5e4;game
0x2e7570255ac8c449217fb15405fac01f5408d114;game
0x86e4dc25259ee2191cd8ae40e1865b9f0319646c;game
0xe60d2325f996e197eedded8964227a0c6ca82d0f;game
0x8095ff4eea862eefead05b68a2f75f3aef7b81d0;game
0x1b5242794288b45831ce069c9934a29b89af0197;game
0xcc862f25b2f725c0666d67774c47c63c9a3af150;game
0xc00cc67677b7d54c6d5a4bc6e72ae4822d3e70fd;game
0x4d3c07f06fc3de2f3b807f8e242b91b71933a560;game
0xabc7e6c01237e8eef355bba2bf925a730b714d5f;game
0x3a1957a0b9755d78c77e301410b254b6147a400c;game
0x14c4293d7e7325cec8c52cea3df37d91aa9cc7b6;game
0x67cbbb366a51fff9ad869d027e496ba49f5f6d55;game
0x030c09afd8a0e756d114bfb8c8446fbb80e38311;game
0x81dc8e0a77c4d9f16d8cd6c2408dcc53d2d9b7ac;game
0xa8abf045fe1a9ef0583e436393a6e4e0b483f717;game
0x6bf2592c92aef0b2dd16e25cab3114c99ebd8c4e;game
0xa425feccc7e0114e735141c30a1c6f6891633a27;game
0xd6076efe1e577deec21afab6ed383b47e9d8dec6;game
0xdad1205bfe91b64f3ec50a02ec7913c4d23f5655;game
0x2594d80da5f2e4f742d1e479eb9408aad132d0bd;game
0xf06059f01f6f08a603c939359a0a1186f7687685;game
0x501f51187acfbbfb711166dea9ee5bbf77c6c2d8;game
0xba7a1265933be28ee36841f8c2170d51688b365d;game
0x56f123785b54978c6c0b117f15d3ee69eb9bf6c8;game
0x98ff4553a3dcbf5e4ff8b5d4cc6fb763b6f20174;game
0xee6bd04c6164d7f0fa1cb03277c855639d99a7f6;game
0xfd0174784ebce943bdb8832ecdea9fea30e7c7a9;game
0x5e07b6f1b98a11f7e04e7ffa8707b63f1c177753;game
0x97d99db7a938ad4f6dd8d607deb2083f1b36db0b;game
0xdceaf1652a131f32a821468dc03a92df0edd86ea;game
0x46fc7b42f4522bfbd8b4565130aaed1e407d9957;game
0xbe60333fe9d9d10d2801e11c2a0e5060c83c8b30;game
0x4ae0ede482f825fb9cccce8f0fe089f0379eaa2a;game
0x02ed6a253e406b8aff61dfbc808f57c98493c19d;game
0xa30cbce69f520bf2a34c5c15193b7f5afe427a26;game
0xc045c0bd4a26160a85039dbaf9c1ab4cd93249d3;game
0xadcd61c78f052cf38ab9e67c353dec1da14e04b3;game
0x20e94588391db2dce6570e700474fb6702942720;game
0x7a2ab08612bd07c8bf661883e21240f49b58e944;game
0x211b3c1f7893685e395553da61cf32c10764c23d;game
0xeb0860422043a0b8541356a7b6f671cba9e8f85a;game
0x88a386a12de4840160c4f16804be2a7dd1a30307;game
0x273f7f8e6489682df756151f5525576e322d51a3;game
0x138a35ee20e40f019e7e7c00386ab2ef42d66d1e;game
0x185b257aa51fdc45176cf1ffac6a0bfb5cf28afd;game
0x617913dd43dbdf4236b85ec7bdf9adfd7e35b340;game
0x4a627b324189014fa757ed7cc730b180879232d7;game
0xe7af11370c3bab51230d8307454350bdf6d68f4a;game
0x946048a75af11c300a274344887ec39452218b3d;game
0xdee34cd48d77183b3e70f4f9ea2718c89bfefeb4;game
0xa1d2c7e6de2fa512f1fdf486ca17ab79b4dc5d01;game
0x54c5231c982c6ce0c44f7b0c4a18275db998a02e;game
0x94e34f68d66b5dd954b56a513cf7c48f08036f19;game
0xd5bae616505430595ee28b9e0e092dc298ab1b19;game
0xf5c6acb57f13de23b2140b0b399cd7eeae800ff8;game
0x69980dfd271daf09b606b7fa1d872d98c98015a8;game
0xb5b67b0bd9f0f188e900d6a50cd1d66a6d9932f7;game
0x960f401aed58668ef476ef02b2a2d43b83c261d8;game
0x6e9f056176b7997a98b9919bfb6642d4ea92a1ba;game
0xdcd74ce660f8335f3840421b06d83a122d0570ff;game
0x0163f2aecc6263dfb2b9b01e9e76f93d4cc9862e;game
0x59d2a1370e57427b0ad6342dcf45dec9adfb772d;game
0x556b52af1930bdfdde016851ce078b352ef643e5;game
0x5cad8e26bf869c06467955045e97c829653a415c;game
0xe52b6ea97e40ae1619469dcc1e7711afb960762e;game
0xfcad2859f3e602d4cfb9aca35465a618f9009f7b;game
0x2b0f6794c28efb6f73ae1c9732c51cd67a8296a1;game
0xbba8fbaa8e14061948dc370821fa311baa74172a;game
0xd31b8e0219bd83678978f6db531d9a3f45608894;game
0xf88fdb63dc782dae646cd6c74728ca83f56200e4;game
0x150b0b96933b75ce27af8b92441f8fb683bf9739;game
0xd2584e838896792d9abea79c06ee9d6ab7f100db;game
0x577d6886fad02e5fb15b55645894b1ae14228ce4;game
0xad3cdf38ccace151cdf5f03fa64c1518a75cf7af;game
0x68ed06af5989e05bc4aa510b44dc6d003e225187;game
0x0601ec5350b48fe2c3f421ea42915d16df108d27;game
0x6d81d1fda601df52f83188dce617b65ac9b3c5be;game
0xc643a0242d73c3f4368e0e84b0124bfb4629b3ff;game
0x00e04c3fbb3783fd57eae4037ee1ee02c4d84614;game
0xc2b1fee7962a1338f2dedf4e4ff750f890d03111;game
0xb3d5d71ff892f3b577e42d5271cc0ef924313d18;game
0xf44026f15a44140175aca39c67603c74502a0bdd;game
0x2b053438ec2ac37dbf912bcde32edfc956350fc5;game
0x06a6a7af298129e3a2ab396c9c06f91d3c54aba8;game
0xe73480759efb6731d133b382ab8df02774e3a265;game
0xf91d60c576fc809bea7a08d45ee3d6d77fbf5ff7;game
0xe658e6eb4b478da2cf36d9e3712ba0c1b33786a1;game
0xa36a81e47d032cb5608175cf884d079ff7b2fb42;game
0x28fbe46d43ae10f0afe84e393368b891a3de98ea;game
0xfce10cbf5171dc12c215bbcca5dd75cbaea72506;kyber
0x9ae49c0d7f8f9ef4b864e004fe86ac8294e20950;kyber
0x65bf64ff5f51272f729bdcd7acfb00677ced86cd;kyber
0x8007ce15acda724689760b4ba493d4766f973649;kyber
0xe79bc2c998ff2a154ae35bb7ce68555e7fc94ef9;kyber
0x8007aa43792a392b221dc091bdb2191e5ff626d1;kyber
0x3eb01b3391ea15ce752d01cf3d3f09dec596f650;kyber
0x094c875704c14783049ddf8136e298b3a099c446;kyber
0x818e6fecd516ecc3849daf6845e3ec868087b755;kyber
0x63825c174ab367968ec60f061753d3bbd36a0d8f;kyber
0x7a3370075a54b187d7bd5dcebf0ff2b5552d4f7d;kyber
0x485c4ec93d18ebd16623d455567886475ae28d04;kyber
0x0994c18ed0c328f38d2c451b2a2e1ceb1ae6a812;kyber
0x1fe867bfe9cbe0045467605b959a355223e3885d;kyber
0x08030715560a146e306b87ca93fd618bb2a80363;kyber
0xcf1394c5e2e879969fdb1f464ce1487147863dcb;kyber
0xaa14dcaa0adbe79cbf00edc6cc4ed17ed39240ac;kyber
0x607d7751d9f4845c5a1de9eed39c56f4fc0f855d;kyber
0xb45c8956a080d336934cee52a35d4dbabf025b6f;kyber
0x45eb33d008801d547990caf3b63b4f8ae596ea57;kyber
0xa9742ee9a5407f4c2f8a49f65e3a440f3694960a;kyber
0xa107dfa919c3f084a7893a260b99586981beb528;kyber
0x6b84dbd29643294703dbabf8ed97cdef74edd227;kyber
0x4cb01bd05e4652cbb9f312ae604f4549d2bf2c99;kyber
0x3480e12b6c2438e02319e34b4c23770679169190;kyber
0x31e085afd48a1d6e51cc193153d625e8f0514c7f;kyber
0x7e2fd015616263add31a2acc2a437557cee80fc4;kyber
0x1670dfb52806de7789d5cf7d5c005cf7083f9a5d;kyber
0x9e3db227cf04fbf8ac180bf8b6acd64cd0420d32;kyber
0x57f8160e1c59d16c01bbe181fd94db4e56b60495;kyber
0xd6cd31f283d24cfb442cba1bcf42290c07c15792;kyber
0xdd974d5c2e2928dea5f71b9825b8b646686bd200;kyber
0x00192fb10df37c9fb26829eb2cc623cd1bf599e8;mining
0x002e08000acbbae2155fab7ac01929564949070d;mining
0xc839ee5542b4e8413246b3634c5c739fea949562;mining
0x433022c4066558e7a32d850f02d2da5ca782174d;mining
0xa855c20a1351acd2690c716e2709c7dff3978d12;mining
0xff1b891969773159366ab6310ff63a69ac4acffd;mining
0x99c85bb64564d9ef9a99621301f22c9993cb89e3;mining
0xf3b9d2c81f2b24b0fa0acaaa865b7d9ced5fc2fb;mining
0xeea5b82b61424df8020f5fedd81767f2d0d25bfb;mining
0x52e44f279f4203dcf680395379e5f9990a69f13c;mining
0x68795c4aa09d6f4ed3e5deddf8c2ad3049a601da;mining
0xf8b483dba2c3b7176a3da549ad41a48bb3121069;mining
0xa42af2c70d316684e57aefcc6e393fecb1c7e84e;mining
0x6a7a43be33ba930fe58f34e07d0ad6ba7adb9b1f;mining
0x249bdb4499bd7c683664c149276c1d86108e2137;mining
0x2a65aca4d5fc5b5c859090a6c34d164135398226;mining
0x151255dd9e38e44db38ea06ec66d0d113d6cbe37;mining
0xa027231f42c80ca4125b5cb962a21cd4f812e88f;mining
0xf35074bbd0a9aee46f4ea137971feec024ab704e;mining
0x8fce1ef27f3add1411c7a99be402de598ad38389;mining
0x52f13e25754d822a3550d0b68fdefe9304d27ae8;mining
0x8d35067233605bef6069191ae0922d134ff80d48;mining
0x9d551f41fed6fc27b719777c224dfecce170004d;mining
0xea674fdde714fd979de3edf0f56aa9716b898ec8;mining
0xe6a7a1d47ff21b6321162aea7c6cb457d5476bca;mining
0x4bb96091ee9d802ed039c4d1a5f6216f90f81b01;mining
0x6537b65a50a862391515455272f9b6c7168afe94;mining
0xcc22cb1b6625b64e81909456111d76be6158dfbc;mining
0x8595dd9e0438640b5e1254f9df579ac12a86865f;mining
0x829bd824b016326a401d083b33d092293333a830;mining
0x35f61dfb08ada13eba64bf156b80df3d5b3a738d;mining
0x464b0b37db1ee1b5fbe27300acfbf172fd5e4f53;mining
0xd34da389374caad1a048fbdc4569aae33fd5a375;mining
0xd0db3c9cf4029bac5a9ed216cd174cba5dbf047c;mining
0x4c549990a7ef3fea8784406c1eecc98bf4211fa5;mining
0x14b30f257c2737370203a15aa343c2b600dfb675;mining
0x9d6d492bd500da5b33cf95a5d610a73360fcaaa0;mining
0x4e4e23ac3c11789e23169025503ea4373b01417b;mining
0x7f3b29ae0d5edae9bb148537d4ed2b12beddf8b3;mining
0x6c3183792fbb4a4dd276451af6baf5c66d5f5e48;mining
0xcf6ce585cb4a78a6f96e6c8722927161a696f337;mining
0x09ab1303d3ccaf5f018cd511146b07a240c70294;mining
0x06b8c5883ec71bc3f4b332081519f23834c8706e;mining
0xb2930b35844a230f00e51431acae96fe543a0347;mining
0x2a98776c7e13ed1c240858bd241dcf95fc1928b4;mining
0x52bc44d5378309ee2abf1539bf71de1b7d7be3b5;mining
0xd5bbb4264b70ca4f58c45d27b9d7e11190754a54;mining
0x6b7d50bb8fab584e54251a10e1c6cfa51dd7b618;mining
0x47c439c8784b44366735fc2cfe08228cb91d5b8e;mining
0xa7b0536fb02c593b0dfd82bd65aacbdd19ae4777;mining
0xe16263ee79b0ee32c242c99f02559e92abaea9eb;mining
0x5a0b54d5dc17e0aadc383d2db43b0a0d3e029c4c;mining
0x1dcb8d1f0fcc8cbc8c2d76528e877f915e299fbe;mining
0x63a9975ba31b0b9626b34300f7f627147df1f526;mining
0xa3c084ae80a3f03963017669bc696e961d3ae5d5;mining
0xd224ca0c819e8e97ba0136b3b95ceff503b79f53;mining
0x44fd3ab8381cc3d14afa7c4af7fd13cdc65026e1;mining
0x9435d50503aee35c8757ae4933f7a0ab56597805;mining
0xd1e56c2e765180aa0371928fd4d1e41fbcda34d4;mining
0x7c6694032b4db11ac485e1cff0f7509d58b41569;mining
0xe4bdced60430a90f31dba03524dd5d15a2670649;mining
0x04668ec2f57cc15c381b461b9fedab5d451c8f7f;mining
0x3df616ee25ba3fa146544ab595f106bff5ac4397;ponzi
0xc249fe0288e75e47e62b138de8d020c9fee5a9f5;ponzi
0x67ad530ecdfd7ac8289362914e88d018e8b3f3f0;ponzi
0x2cdb253c0e44a284f6174ae90b5ea247e6cf3649;ponzi
0xc601f6938c75c4ca03eaad570701d86e607771db;ponzi
0xcd3dc4e19418fe7dad216376ff685760685cee13;ponzi
0x9b63e5599f8d7b70f96da0700bde1b4c0d7f35a9;ponzi
0x7b307c1f0039f5d38770e15f8043b3dd26da5e8f;ponzi
0x0135c9a7bff72aa26e1d105ff5000e454e4dde7a;ponzi
0x82aa987a16deafd8b4fab73ec316f94f4df43020;ponzi
0x29bef3878b85522ef2afa541dd7477c9e0a2c122;ponzi
0xb328f05fa01cc2f9add1ed05c5636e7d9c9b9954;ponzi
0xf8f04b23dace12841343ecf0e06124354515cc42;ponzi
0xd3ac627abdc1ce6c27c04b37c86e368f754f2995;ponzi
0x536a6ba0d913d5d6a4ce2c6eb7ed0de3c0f0b89e;ponzi
0xd6893da3dd6dc91b4957d2d74737c6726f1033d5;ponzi
0x8b7c1450d435f2932e6a7225593d14a4dcf0372d;ponzi
0x44357ae7512fe99f55cb94a85f3e947b9143e76c;ponzi
0x7bd83b818fb88239a8ece4c95837dc5746af32cc;ponzi
0x24ddd6e7d5cdc29251caa00e46c7f3c738a78070;ponzi
0x4e88419be4e8643d98b15f8b6cf9cf3f6ef1fbfd;ponzi
0xa38feb7b0aaad949a1b99ff516d4e3ea2e317bbf;ponzi
0xbea72b7da261bb0a488a5d07f01b16516ba2edef;ponzi
0x4f3db6d4c97b8248ad5e244e4f619086084f6848;ponzi
0x3da6d8f14dfcd576c46f9994d8fd94883a8f3fe8;ponzi
0xd4fd252d7d2c9479a8d616f510eac6243b5dddf9;token_sale
0xd45b6c680fe0f8b0410d7924d9b74663c0b2b00c;token_sale
0x25beb989d3ef4e6e0fef8220944bb74e2aa6ff45;token_sale
0x5678bcea6d6f33f645dca8c8c9b7d8d5caf0a2b1;token_sale
0x09a8a0a5cd6974b28ccea7aad99801b1d0d12a49;token_sale
0x0a9d6e81c39ee115275de4ab1129cd658790be7f;token_sale
0xea0c348a297084bffbddad7f89216f24a2106e58;token_sale
0xbb8b0f6a802e58506024498e438a6540f3a7bfb4;token_sale
0x0b4940b7b951ae6319d9f540cda0b85753ef7cd8;token_sale
0x2444973040210cccaad6010c64763d1abe06d8d0;token_sale
0x62ebdecc5545882203b3d9236fa782aea2295f39;token_sale
0xd7e16112f5f9cfa0527ca355c9219f7056d8c2a9;token_sale
0xe1f243a9abfeef646be6bef7b8c2018276574294;token_sale
0xef0f5d9a8435e217038d6417670013cc06aa5e38;token_sale
0xbed45823677e242081f97e2a7c8422f0d9d6b006;token_sale
0xf42c06a58d4e538b6856afc206b13c530263c2c2;token_sale
0x0ceb0d54a7e87dfa16ddf7656858cf7e29851fd7;token_sale
0x7ef8873220958ea400d505a9c92d6ae24f34d55e;token_sale
0x516130856e743090af9d7fd95d6fc94c8743a4e1;token_sale
0x4ee1d7720a04072142b2efc9d2c7d5d77ad63939;token_sale
0x8e78eb6f10a5e0b2dd0845d75b018b5ca0e23e4b;token_sale
0xd413eb0ebe5f3c82f1b6cb642c31fabb5a38c1ec;token_sale
0xf46ede17c0bab20d87cd079a2632f71433a407b9;token_sale
0xe28e72fcf78647adce1f1252f240bbfaebd63bcc;token_sale
0x3aae4da9a22d518996031791d3bd61f45def6ac7;token_sale
0x8440a3db2e68166810bb340ef20d0fac23cbe3f0;token_sale
0x87be69e5c196e0309cdf6957fd7141fda1df2b97;token_sale
0xbbc79794599b19274850492394004087cbf89710;token_sale
0xc905b8a181a176d6917f9b88de4ab835e411465d;token_sale
0xd05da50bb78044a05e5f2ca06f7c7127b0851d0f;token_sale
0x62caf75a67252f7be236a7335fed1410c7434b7f;token_sale
0x71e774fd3e3948cfb6fcb1aaff4bb906858fba3a;token_sale
0xfced3a34e14b17a327c3d50004117cbbe4b57232;token_sale
0x646da308ba60102bb2e746b7d86dacfd3a71209c;token_sale
0x24cf6a655b763f114096d6afd2aa7de0f62e7f0e;token_sale
0xc0c810613bef6aed5f7788643f606cd3525e017a;token_sale
0xa9b2d2be17f3472f9dfb626531f3821080c00159;token_sale
0x15885881f86c0f1467edf091dcd889997557a948;token_sale
0xeb9d2df5b516f0cd7a962861f2a6ee4dd6387a5e;token_sale
0x3d1fbe2ece2b9d90185f14792201bf1d3277a3c1;token_sale
0x4d5e7c27b559f6f7be72dc28a2c16b0f342449aa;token_sale
0xd00faa50d4f1a97b407fdc8656c940712fdd4150;token_sale
0xc6c95cda7373b0b4b62bed21016057a8145d7787;token_sale
0x029b0c90db9a97aab252da5b292b6061d397fa95;token_sale
0xd37f29d1cd9f379b3f9363453725ed971190aeca;token_sale
0xe4889fa16ba797a8a51196ec9389e4764576deae;token_sale
0xcb9a22a16e3879283c1da182491403ae7cb15501;token_sale
0x4ffadba9d6ab927d445af9933045a5110f78cff9;token_sale
0x4863e8c8bd928bd1cf85eea784736e35c2f48a6a;token_sale
0xb547cc51ce58293e6945ba08d664ce051563d9ac;token_sale
0xe22028fbce0bed9261a8ec4f54cca45a6c1fb395;token_sale
0x5250776fad5a73707d222950de7999d3675a2722;token_sale
0xf26c7cd79aa1ed2466e7e81a0e0541709ddd050b;token_sale
0x56194dd83dbe275b73db24a5b301bdf129eed76c;token_sale
0x2520e2b81a7424b89b9fbd739f94aa430cb1b267;token_sale
0x2f665527b0a8b3710adcde917220de7d6b68d67d;token_sale
0x906a6ceec7256b02bd16401d2993bf9b1ed89b9c;token_sale
0xfa67c39935de407b98172ab9a07291603e98a51a;token_sale
0x77ceff4173a56cd22b6184fa59c668b364ae55b8;token_sale
0xa001afc55904eafc5a04cdece0064b964e2ed8a6;token_sale
0x51d3aac348d1a26652c6e8eab065a269830d1930;token_sale
0x202bd96042127975114d8b2b1f0ef429a235313f;token_sale
0xe46340f794e95775a41d40d5031bb716f99120b3;token_sale
0x2aea8071b771818e0004d0e5c93fadd9d7f5d31d;token_sale
0xb3b558f664327156e87274155c2921bc8d9b1f18;token_sale
0x78e0743b2cc9967bac4643d559a027fa53f6bc88;token_sale
0x4e86721a4e00d7167c11d9cfd2480403bb630378;token_sale
0xc0dcd2170b8ddaab360a9968606cb0bc3646c9ef;token_sale
0x2f4bdafb22bd92aa7b7552d270376de8edccbc1e;token_sale
0xc22462d4bc50952b061c9e6c585fdd9a04d0d75a;token_sale
0x12444b6ec62e616ebc8a23e56e61f8f4c6da610c;token_sale
0x31703401aea648c30ab29fa2a01eae02527edd19;token_sale
0x1eadec9027847685a39fdd73cb38745c8850c8d3;token_sale
0x6a164122d5cf7c840d26e829b46dcc4ed6c0ae48;token_sale
0x4f40cbd1fde9214b3bcbdc0359d132e6458f5e20;token_sale
0xb12846ea71cce9d334648d1dde8cadb56d475076;token_sale
0xa49f0374a395782bb859b4f342d9c9cff6dc1f7c;token_sale
0x17681500757628c7aa56d7e6546e119f94dd9479;token_sale
0x439e14ccd83b825377e92f065b303bfb1a4af9fd;token_sale
0xf04436b2edaa1b777045e1eefc6dba8bd2aebab8;token_sale
0xb9770e899908c2a575ed14848020ab26e22a71ac;token_sale
0x5e147dae49916b714a3639d2f5bdf1e989d4802b;token_sale
0x5a0d7bf44907b48a6af0e6f3e9519811aeaaa925;token_sale
0x1c6c8e0c6b93b81c0ab3ca4e16eac96f02175f73;token_sale
0xd6a81d7a8b4d1cc947138d9e4aca5d3cde33a170;token_sale
0x7f93bafc01ffa46d8735cc7f51914ac90cba061d;token_sale
0x656c82769eb8df364a90dced4d37e07eace46541;token_sale
0xbdcceb20869a9331d73b61a03ae3519501608b8c;token_sale
0x4a30a93e2562257b3c49aba2a79ed633b5b3c393;token_sale
0x11fc3e9730c8413f66007d66fbabc5eee1955dcc;token_sale
0x5b42a479585eecffd714c423219ee9aa9a82e0a7;token_sale
0x638db321775e03cf4c29207e0bb228bbafb76460;token_sale
0xf77fca38ee9e08eb806b48e25ab1b1e5f3251cef;token_sale
0x5f86726a631dd79cad282a2e8176cd2ff3cf6d1b;token_sale
0xa759794d39bd92f4e9a264f1092f2859f10d8a1c;token_sale
0x5f8787f937c3e87d4867f526d4b133a5114e20f4;token_sale
0xb2069ca2122e652c0f6ed4d408c915bc103e24b8;token_sale
0x1818403c06ed28c55d533b526ae8566ec31d87d3;token_sale
0x6f0d792b540afa2c8772b9ba4805e7436ad8413e;token_sale
0x8aec8f09a840faea966f4b0e29a497d8f5b5a6b4;token_sale
0x3f0624d68a16f19428584333c1871cdfba0ba870;token_sale
0xfc3d9691b5f556d0654ee01b202a756985200ab8;token_sale
0x7be601aab2f40cc23653965749b84e5cb8cfda43;token_sale
0xa66d83716c7cfe425b44d0f7ef92de263468fb3d;token_sale
0xbd2ed3e85faa3433c068c7b3f9c8c7d839ce88d7;token_sale
0xb8eb17dfa4ec9a6457e4c8fb3d724c0ed9ba4cf0;token_sale
0x44ad644576eeebffcd9ad89728d2a6c415cf8fb5;token_sale
0xb910df6da0d82366b9c453780e2f954528120c44;token_sale
0x74ceda99c44da280f2fd8ea8b5dd43f8b66912a8;token_sale
0x16ff57d02d9b1442f87c4b69eab5779fc8a71516;token_sale
0x605c90b034e075f5ff1e9b91939747eca6ef7b9d;token_sale
0x92579f2fa430b20bf6ce9d19938fe061aad992e2;token_sale
0xf0160428a8552ac9bb7e050d90eeade4ddd52843;token_sale
0xf8094e15c897518b5ac5287d7070ca5850efc6ff;token_sale
0xab8b8adda5a07976ac696034ea2cd83156ccbd84;token_sale
0xd7e4ad7c318ffbafbf602e32e089e7e2326a2581;token_sale
0xead7adf1bf0df9f03b15429d82ea1f70ebd619f1;token_sale
0xcabee6c73250495fc7da131ee93b819be294f6e0;token_sale
0xa70bbfe72a97b2bbf08fead044ae020e5c5ae76f;token_sale
0xbacd554538c8037545098a36361f54c4e1d0f94e;token_sale
0x8ba7408497883d3a569066fa3a331aa892138868;token_sale
0x84b780418ed0f5b00f9749f9844621147cfd8340;token_sale
0xabe3d12e5518bf8266bb91b56913962ce1f77cf4;token_sale
0xe8db4cea1f7ad7ba22f3dbbab55a336545701d96;token_sale
0x53ce47cbe7f2be0aecd086a70182a98c907d024d;token_sale
0x25992f65334b5d23096b912af089ac454c3aabb6;token_sale
0x2097175d0abb8258f2468e3487f8db776e29d076;token_sale
0x98734f75997de18ccf9a495805b4e01b2f8b0cbb;token_sale
0x12795d1331b2f9a4c789203efc5987030854ad55;token_sale
0xbb7c05467c0b7ff78a1753163fd687de1721b663;token_sale
0xcc3333acc9dc1f86387b02b4b2b14626a051da8c;token_sale
0xc936a131b1f1576ccadb8196d91ecbf108d11d01;token_sale
0xdbf61d609a257f642dee4426a17ff2a476ef278d;token_sale
0xc4c09770dc5b44f11ecb3ab78dfe563d28f03392;token_sale
0xc4740f71323129669424d1ae06c42aee99da30e2;token_sale
0x9b73d1779c41dca36314fb7c4d3309838e20c4e7;token_sale
0xd0a6e6c54dbc68db5db3a091b171a77407ff7ccf;token_sale
0x3744942c42451c2b42f43a51ee9bb6c6ad0fdc86;token_sale
0xe868c7c29f7b275c593f2aa2d3fd37902969e208;token_sale
0x1a20c3581b6c9713498f3f9e9258fc452df13a8c;token_sale
0x6b7470bfa67566df5275365933f5984530f54a7a;token_sale
0x79c59c24465fc3cc92e6419d4b59fdd285d874cf;token_sale
0xce53a179047ebed80261689367c093c90a94cc08;token_sale
0xdfb3355981ca3c7ba6ba790b26f02c3737727de7;token_sale
0x3d265b2c9e39fa90cf7b174944743b5bc5cb8013;token_sale
0x00391d08b3e68e476a774ada379258264eb74485;token_sale
0x39df5af51c47256e5c63b3dae1a21f3da4a58e89;token_sale
0x5884412fc79c2b3dd037f21169a3341fc936ba72;token_sale
0xa7bad60aa9f853b4f3195c6964e4464eae078410;token_sale
0x53e107546b900f1bfd35b339ba2a2b1d2dcb2de3;token_sale
0x57ccee9100daa272b962c48543460a8e3ac6f674;token_sale
0x2cee632c70d14f488e97577c6c2e54b2ce047daa;token_sale
0x619543d933f7c39f1344325ea821db64d5e3069e;token_sale
0x9df04392eef34f213ce55226f40979c906cc04eb;token_sale
0xf64dc764c733a62b4461a7b66386862f92705aab;token_sale
0x844e2883a0ce21718b999e459890bd16023dbca6;token_sale
0x5a5efce5bdd8dd2aa2b47acf257f12e688e4dbcb;token_sale
0x876359dcb1745073909cc810311ec3f119e8d5e8;token_sale
0xccadc21564e5c44032b7f44494de425c1066219c;token_sale
0x06dafc2a5fe47fcc9f37b5f91c0c2bd1cf2a9a4c;token_sale
0xd3e74ac8ecb37649488e6c918452e04e51eccf19;token_sale
0x943e99d9efd4b44d808f6c83373a9a2c1e15e0f8;token_sale
0x98f46c3eb0d9bec50a2eb1e3fb16c62d4536cae1;token_sale
0x6052e4fdcc26bb66f8e1b25d6410395ef79616a8;token_sale
0x7c33f3d417ef65a5299998bf7bbd35921963336c;token_sale
0xbcc546eb5a290977180f85cafaa712019893729c;token_sale
0xb1021477444c6566509e1b80d2c99e9603a31c47;token_sale
0x1bdf56c9593590122fd8750555d8148da2b80be8;token_sale
0x6044b34a29e96f542f96f103c996864d0a812238;token_sale
0x6e3bc8f50d04f7262f5c99f1cbabe502eb5e37f5;token_sale
0xf5dffdeaea54bb56156b47de1c7b4346c7dba69c;token_sale
0xdde7188eb7921888f90c7d334fbe5a65c8ac8c65;token_sale
0x2b7aa75bbe26c28324e417c5efb027966e9cb810;token_sale
0xdf35a8572e8c107e17803f7af2fc48b6c226c6a4;token_sale
0xc4575b61286053c0ac362f70cdaa17becd90aacb;token_sale
0x57bfffd48366f78e787e167419c8c05cdb849ede;token_sale
0x518c55ad0cc887f78e2c7fe23b14c33a34586edc;token_sale
0x7f9fa692e1b65d2b6d670feebd3e6bcc29606f14;token_sale
0x9337651f1dfac7f858d4e08a2da27b001e6af6b8;token_sale
0x1d0dcc8d8bcafa8e8502beaeef6cbd49d3affcdc;token_sale
0x83f602311629f84929804b7e00adc67e17eda7fb;token_sale
0x2dd09c71d951148bba0f25be7f76ba401fe8ef84;token_sale
0xfd4532c24da5f4029016cfd2fa13fa3073588695;token_sale
0x252046965d73ba511efc83860a3f65e2ddeaad05;token_sale
0x574fb6d9d090042a04d0d12a4e87217f8303a5ca;token_sale
0x31c8772dc63a3c63bbdd754a77b1b39331485df0;token_sale
0xf00fcd9119f93a1069054e4280970a75614ad7c9;token_sale
0xa48153c9c9a7ae5cc258feed365e560cbedcb0bd;token_sale
0xaed1cabf37f628bde2da4f3b2a18e082703e40b1;token_sale
0xf37c4a962e70d813a4d9825942141cd9bc5169fd;token_sale
0xb9aac097f4dadcd6f06761eb470346415ef28d5a;token_sale
0x74afacc09ad3426d75ec6ab610834cb2aed1d026;token_sale
0x18bead88a1ae0838a298f9404ea398b7346dfb07;token_sale
0x20f5559b14b98a0f6f61b7dc9a75dcdfe6f61f86;token_sale
0xec33fb8d7c781f6feaf2dd46d521d4f292320200;token_sale
0x99d439455991f7f4885f20c634c9a31918d366e5;token_sale
0xd29ba5f94fb91eefc5e3aaf69f181febed73930e;token_sale
0x721ab71b7ee1a736f470911d798f1442b16f7f09;token_sale
0xb3e9446e0d08b1124abba9f2e38787adf54373a9;token_sale
0xee74792bd15d23a63e5357f599cbe1ec2f898bbc;token_sale
0x5f6a9a1b4587759dcfec19f6c8e207e73ed988b8;token_sale
0x94c6c46e2e9f3cfeb712a1f4d7795df5b684661a;token_sale
0x417f0b9133a8388fdb4ffa14e0c41638db7b6185;token_sale
0x74364e3a29e5e32f5eb9f912b5197bdb32b63ee2;token_sale
0xeccc636a5f6aee792f509daae43ef68934b062a0;token_sale
0xfc5de599c9fe4e5cf0744aef3139ae53aa30a566;token_sale
0x261b1d9c54d20dc5484cc352db9771abbedb3a6e;token_sale
0xa667227ca1b68563d9245ad91aab9db58a60c382;token_sale
0x269b4c23ddab676e2869ae72cd6ae4f24bdfea45;token_sale
0x74f536cbcfb9cae062135384bfa2cd5de2f8a447;token_sale
0x102580c6308a4ec4708c8241bd29d1c02e1f9a2d;token_sale
0x99da01230f505df9ef9987f8529d875e954b0a81;token_sale
0x949c9b8dff9b264cad57f69cd98eca1338f05b39;token_sale
0xe0de6bbc6589160e8539230eead301f8481bc1b2;token_sale
0x7d7f4ba9cf9f9d97d1b8500303812cf3085ba2d8;token_sale
0x8522d00c368a0810c7684da6714f1a66d0f9d5b8;token_sale
0x3aa5fa4fbf18d19548680a5f2bba061b18fed26b;token_sale
0x71c2683152b632fa1d515a3df067825e2b240216;token_sale
0x8bfe5ebb128ee82f4ba80f56bb32409cc87bc6fb;token_sale
0x7248bd9c18a0cf471a32860de04cf811f87c00a2;token_sale
0xa22eb33c9a1b181d650efef4d48f9d63dbf3c200;token_sale
0xd6cd31f283d24cfb442cba1bcf42290c07c15792;token_sale
0xe8205644fef286a2af423b72669e662feec127cd;token_sale
0x0c68fc2a91a81369956603bccbcdb95b87758b63;token_sale
0xfc5772c279bb3a0bed4219c0de484deff3ed2241;token_sale
0xf9b60a9bfb3ea7152ad948edac574e38b767bd3f;token_sale
0x9864505e8fc3673e5e210f6dc3853e986274cf37;token_sale
0xd3e0f0e805f3fc592137df9bcfe61614380bf71c;token_sale
0xf2fbb2939981594e25d93e6226231fcc1b01718e;token_sale
0x9df3a24d738ae98dea766cd89c3aef16583a4daf;token_sale
0xab29470ee3eb017ed2e60cec6a28133124f3e5e2;token_sale
0x5b5750f5a140f4780ef59e33597e073d4a8d3adb;token_sale
0x47b8b6256f49cba6c8bd37361cac8b0fe324d605;token_sale
0xeaa76f1f32ced565c78bf1d57546002a0b0d9684;token_sale
0x588cfe5203b9bfc759782d207bcbfeb93edd678d;token_sale
0xadf10eb786b160aea0037887a4b95341b9b68434;token_sale
0x5e0f4b3c49f9c73e13e25a5d7152b61b81ae68ca;token_sale
0x8cbdb7e550ba16910b354beb559ac32bcf8c6b31;token_sale
0x9b60874d7bc4e4fbdd142e0f5a12002e4f7715a6;token_sale
0x63c0f17c1f72e1315e3d4f8a89a37d95f1314793;token_sale
0xe05cedd2838e4e1d99b539d8c768d6ef2a10f729;token_sale
0xa8a78cd94619e245d7390002553daffc7c1e534f;token_sale
0x97ca8108064eb2a90428ed6f407ae583ee7c3fd8;token_sale
0x946048a75af11c300a274344887ec39452218b3d;token_sale
0xa1d2c7e6de2fa512f1fdf486ca17ab79b4dc5d01;token_sale
0xeeedac8686ae12183129e80e632e922dd8daecc4;token_sale
0xae6d4920b24a28e47e04351455baced95f638d9e;token_sale
0x1cce4079a9c65920390ea38d5ffbeeb3f4aaab77;token_sale
0xa31c56bc8a489ea4e4ec430801e3aab0d6cce7f6;token_sale
0x3bf541f87056d134e0109be1be92978b26cb09e0;token_sale
0xfefc7c1287ec628b332a46d3396dafe62550d3aa;token_sale
0x3cecd05537ea3a9de9267c0e8a8abf218a903148;token_sale
0xefab21b4de8b0a8c167e9afa8183e0e14cef400f;token_sale
0x5241beb93854f28dfc6779874622492bcc29e9f8;token_sale
0x4870e705a3def9dda6da7a953d1cd3ccedd08573;token_sale
0xace62f87abe9f4ee9fd6e115d91548df24ca0943;token_sale
0x741fc999f5b62c80831cf659aed04c64ac8ef24e;token_sale
0xbc8571ef3c6cb55eee4529b2866eed16e22a2aab;token_sale
0x8d2301e58406648b72f37366785a54e0f7e081ce;token_sale
0x6b609d9095d069c805650234ab67595b3a6ab934;token_sale
0xf3d71e8595497ff02a3a50416795fa9a4f2d2a34;token_sale
0xed44116439a9042890121a8aee008202a5954132;token_sale
0x6e0ec952e49212f2e2e2f94fedaa84f5c044acef;token_sale
0x4f529990b7f3d1fb4152736155e431c96fd86294;token_sale
0xb2f79aaaeafba79d5ca63657a690d02a969a36fe;token_sale
0x4eb5f89549c4d7a57267340c13fcca1049b57f9e;token_sale
0x87bbb9d32c5a10f3129e63cd96349342fcbd5972;token_sale
0x5c9f77612069eabd4b06be53d67e3f16af2d8436;token_sale
0xf432cec23b2a0d6062b969467f65669de81f4653;token_sale
0x4a381b816e45fbfce0d9b010a4ec62d3fbc1e1af;token_sale
0x4b0712de9b75bc68a566215acca876ea5e55c172;token_sale
0xa0abd7fc926a23d116037c7610e1367e501f497f;token_sale
0x7983a415823a907af25e68264b32c34abe10ba8e;token_sale
0x0532dd9ecb00c424c72335df4f60c11c03229ec0;token_sale
0x8edcce0beb122b74d127de716f217a6630efb453;token_sale
0x72aa408393154d34fc789d03d22c9feb5e9fe32b;token_sale
0x14cf6193935b17fc72649ba420fdd5bfdf1f0001;token_sale
0xc8fe4a2d14cb9027ef955d15e8bf811a6db0bf74;token_sale
0xb179064a699dd94ca3e588b9cf9954fe3654878d;token_sale
0x9b5f737c26040707921a309ae83976ad15227fa5;token_sale
0x94cbf65a33496da05915f0ec2db07a7785eacb9c;token_sale
0x21fe6fcaba63f797517157ae7c1ff44439d6c148;token_sale
0xb2f1db990391cf852c982ece7fa67a143ae37c37;token_sale
0x939da7bce862f79676db57267ebd6856eaead7c1;token_sale
0xb765049d934d69d91a495f21f32e3845af028db0;token_sale
0xf8a15b1540d5f9d002d9ccb7fd1f23e795c2859d;token_sale
0x2f3f3d77db581548e0e0eb553ce0b5d0065920fc;token_sale
0x79289d5cd5217234f2c14dde8030c74fa9c71cc6;token_sale
0x746aaac06b04c36f5fea9bbb35ca75518eda1cca;token_sale
0xace64624b702f3f3cd850d4d130574c78db332dd;token_sale
0x26d08b9d227933a85e855656dc46ab889e183c88;token_sale
0x58ebcd3230e0c28bf82e3f91f72d80eff32d00f4;token_sale
0x83b164b8db82d35bd2ae70785095baf0f3417111;token_sale
0xd9e7d9a56ee6a4035ee8a9624c96eca1e4440671;token_sale
0x4a089c689894bde6a67625488c64a5e16e1cbeba;token_sale
0xe4f4c979738f84d9dcd204e94a94750608dfd184;token_sale
0x575a9368ccbc951986bb25412876be1a3218c883;token_sale
0xf2fd0c1eb5a2989e32ce929276463164410796b4;token_sale
0x97ee19d8c8b2d607af236d8beddf9f45aca99585;token_sale
0x2444a95abc8cd48951835babf04cb1389bd38105;token_sale
0xbd54cb91a42fa604c0535ef849851f347e1cbaaa;token_sale
0x16fa565b6b61248a5807c3af14f0005b383c4214;token_sale
0x55d5a9ab9a97509ba0db01b8d5040567b14d2304;token_sale
0x901f84102829c7462fa26b1d825f63febebebff6;token_sale
0xec203ddb210458df139d02a62baf49ca36a0b8d9;token_sale
0x3931e02c9acb4f68d7617f19617a20acd3642607;token_sale
0x1eb0d4794d4067ed004c9d55ff6eb50620b27c58;token_sale
0x4d775ab99e2cac1de2efc166c789854c42f2be53;token_sale
0xa145958ba7b9b3dbd481b2ee080b53f60b77751d;token_sale
0xad41548fa92921597da3ae783a330396b47cba3c;token_sale
0xfe4478dcd52d8c1308de1960463417bd74425a24;token_sale
0x1474943300e182b35211e9ee9b6a00cd71584451;token_sale
0x26436e73fdd02adde8ae7ab61fa660d6f7926e6f;token_sale
0x32ec2e6967687825123c5c0f30c18e2c47708df1;token_sale
0x4d0269b1898bee6aa94f54d1724f9862aabdd010;token_sale
0x1f9a9d661438c17d9ce6b3469773d85763eb7eeb;token_sale
0xaf30132d04bc28126e0d479d40c8dffd1bc056e2;token_sale
0xf487e54a41660ef17374f6ebf8340c6ef3163f30;token_sale
0x5a779aaeb53d2cba1755442c38dd6721c0cb31d0;token_sale
0x97208bf5dc25e6fd4719cfc2a3c1d1a59a974c3b;token_sale
0xa1c9b3d6bd4bc341d904a25d517d31e109c2f2c7;token_sale
0xdfe0cee9fab5a271405170bac32a0ba6c591e8b5;token_sale
0x0710714a1e30c70aea2dc1254e24292bea7943f4;token_sale
0x4a52e2f4cf4813e34086f454dd86022ad3517d32;token_sale
0xa21363b4be73644ae7fd32eb897e27d594efe709;token_sale
0xa5d1e58ece1fc438d64e65769d2ab730143a4caf;token_sale
0xa52966d88586e708b128bc22e7a8b7900a7918ac;token_sale
0x2efc356d401cdc868461d5bb016f42ece6dc2211;token_sale
0x0614e57bbc71cd0b15217152d4b07af5e717d4ef;token_sale
0xfdaf2cd7e527cc812eb926ff0a9d85ee6d8becbb;token_sale
0x601b83b21b48bb8943c05572f0b3925031f10fb5;token_sale
0x4fd997ed7c10dbd04e95d3730cd77d79513076f2;token_sale
0xda2cf810c5718135247628689d84f94c61b41d6a;token_sale
0x1b8fc6f937fd9849c9a83e0e4544e73af31884a6;token_sale
0x2c30840965f8fb2dc42bf4d6d530661d9f0e73c3;token_sale
0xbe7507c3ae554c85beda48310f014c4c15d9c338;token_sale
0xd4882728ca8c019a51c60abf2fdd293928380972;token_sale
0x25e3e38b52f604585a117abb2b408e64e1bdc074;token_sale
0x8338005b31bf37dadea7f76a7778dcf9150d8f02;token_sale
0xeb51df201213a067227115662ec3787b92956890;token_sale
0x42a8c51f81dba88a8620f2b3f589faebac6a43db;token_sale
0x2eae96e6bf99565c9d8ce978b24c3fc3b552dc7b;token_sale
0xaca6000bef758de6bcf8fd4ddef0fdbbc23a77ba;token_sale
0xea6278dbbe7cbb567e9e825d998c05432f0bdcf3;token_sale
0x58b7056deb51ed292614f0da1e94e7e9c589828d;token_sale
0x29afa3443f752eb29d814d9042fd88a4a2dc0f1e;token_sale
0x422adcf787e49dd93ce10a583655c212e00d42ce;token_sale
0x38538851a1df08022f96406663074efbb4421d7d;token_sale
0xf8fc0cc97d01a47e0ba66b167b120a8a0deab949;token_sale
0x55f93985431fc9304077687a35a1ba103dc1e081;token_sale
0x72974fd2590bcce78a01ff6f6dfaa3b623f80fe0;token_sale
0x63f28b9f453d66d9d15a124d05399a8120725be3;token_sale
0xbdf5c4f1c1a9d7335a6a68d9aa011d5f40cf5520;token_sale
0x7c457dffffdea37c790e9d96ce93b86b7606ad1e;token_sale
0x582e3d8dcd41f586fbcc6559f16476d20b2a3b95;token_sale
0xbd59ed7c40f4df71d4638ea192411edc2c925a1b;token_sale
0x16c452375d23d49ec94eb0743c7a644a17e48e2e;token_sale
0x1103849f41222a4c348515331f0e734d4bd9ad34;token_sale
0x63b992e6246d88f07fc35a056d2c365e6d441a3d;token_sale
0xd48165de9d697ae724e93a7fb2f44caa77610fa6;token_sale
0x53151a85ea7b82a4b43903427953efba067cde92;token_sale
0xa3b7f0e143c62c260ce6d0f9c6b2d6dfd33c735d;token_sale
0x4f4e76761eb0a5a2992a6f3ab1c90a874450ecca;token_sale
0x55d34b686aa8c04921397c5807db9ecedba00a4c;token_sale
0xeba49ddea9f59f0a80ecbb1fb7a585ce0bfe5a5e;token_sale
0x81f6bd86c18c67756b9c76a64fc2851b5717c88c;token_sale
0xe75509810e09b04eef4ebd0b471bacf5530b162e;token_sale
0xc88c7e1aebd89187d13bd42e1ff814d32f492bf6;token_sale
0x40349a89114bb34d4e82e5bf9ae6b2ac3c78b00a;token_sale
0x456c4350eefd17315713b265d8be8b6063a5fab8;token_sale
0xaf518d65f84e4695a4da0450ec02c1248f56b668;token_sale
0x9703394f8abe04458b8b64c922723b7b878c2252;token_sale
0xb599ff1910a23ed2e520259c360a4a6d4986f00c;token_sale
0xbeada3257bff2d41ef6e563190e6624b57eacc89;token_sale
0x3077695dfce75c54984719c26265a8aaf4653516;token_sale
0x98d0d19faced5aa18b67c927b33b04ec27e264d3;token_sale
0x510a71bd8a3ee739b099d433f5492d3f7b3fdd57;token_sale
0xd43d09ec1bc5e57c8f3d0c64020d403b04c7f783;token_sale
0xd77fc35cc9007557dcd18bfe26fe66f1ea3a0e7f;token_sale
0xb56d622ddf60ec532b5f43b4ff9b0e7b1ff92db3;token_sale
0xb84e224216fec19d8631a0ad187326bc48f91b6b;token_sale
0x49edf201c1e139282643d5e7c6fb0c7219ad1db7;token_sale
0xe45f944e04a8e8617bb705e33c80b74e806d1e60;token_sale
0xa971afdca01bd1ca1499346e730a3d1dc06a3a9d;token_sale
0x86fe3c20379ac71ebbf8c0499b41fd2b457e4e9e;token_sale
0xa963e00c442b2ef8daf89af65bc0fab8650af4c1;token_sale
0x8dd9034f7ccc805bdc4d593a01f6a2e2eb94a67a;token_sale
0xc8fa1b3cdd5a882b577e2e32098c75fbf2597c4f;token_sale
0xd0d9e2d407b726994b202a434e01e714b832153e;token_sale
0x731e773febe85a7c2c9a4b5edd3b7c7d65b02c1e;token_sale
0x325351388c17c72bf3c3a5e3e7a21b62be028dc5;token_sale
0xa7261f7d2cb31464408b008913a3de249316da8d;token_sale
0xaea3846e14bec1ba8f562844d39b1215a1d588c6;token_sale
0x8f8e5e6515c3e6088c327257bdcf2c973b1530ad;token_sale
0xaaab2ec23dd5dd9602e631b8399fa94c9d134b3a;token_sale
0xd980442a6ba33931cfaa57c0fd3b2c3826433dd5;token_sale
0x8a3be504d84790d377fd2465723d4530327ed503;token_sale
0x5a1583c02dbbd6edd84abe6e5159497ee77b9a88;token_sale
0xe2d2ca03b4a8b1ffb7b839964f64ad90a78e81b9;token_sale
0x73a42216218e39da42541f3602ac845aee0f0b5e;token_sale
0x91c94bee75786fbbfdcfefba1102b68f48a002f4;token_sale
0x7a121269e74d349b5ecfccb9ca948549278d0d10;token_sale
0xdd1ace2f45962e4c1297c784009478865e3b13be;token_sale
0xee1d6be24f0997d03610f3cc5eef94b6587da36b;token_sale
0xd553e590e105f5bd6720d92cf9edc4c2c305f6eb;token_sale
0x5088c2985210925d15ea470a160fc08b352818d0;token_sale
0x708352cd28ea06e6bbd5c1a9408b4966ac1226e4;token_sale
0xf8872e72bc2bdd1d8d20793a72aea9f1600c4cd3;token_sale
0xaac3090257be280087d8bdc530265203d105b120;token_sale
0xe5bb2aa9e4d748439a66c0f5350257abbce4d8b6;token_sale
0x53c9e14ed72e88905d4768c53487ab1c013682da;token_sale
0x8a451bcd32a78661678e08a724c9f759906fd2eb;token_sale
0xa8bf430972c5ee2250ea829d1821fbf02ccaf297;token_sale
0x81481c47639c8e1bbf07e7b1b868b48ee8bbcd23;token_sale
0x85e49ad719a539fb9fbb1dfe0ce9a2cc184d5c9f;token_sale
0xf137c481c6e41387419ee877d6cdd1e70799571b;token_sale
0x30b4d6e27c7930cc79cc6e130151cc177daca745;token_sale
0xc87274a20dfbeaf763a85c3852875477e4d0c27d;token_sale
0xac31924b7e27b063e1ed4e3d7234a1e4aa32d81d;token_sale
0xef90b9fea51c983827ba3b79c3c19a9751fc7e99;token_sale
0xc0c07641a65ad6f9244e8d9056c131eceafa38f9;token_sale
0xb9cea999eee3e5a57dda1ea8d39b2bfa59704a86;token_sale
0x5b6c645389b7013cac775c01eb670bb3b735125e;token_sale
0xe84a69675d316a639203b527919504b33e8d6f20;gambling
0x2239df7104fd3f4a5e464e108506e76c47858a20;gambling
0xb898ceae9b41ff87b2bc22a41e63755604fe4771;gambling
0x193bff7a19082cd7e056ea3e22ee0e747b5b6f80;gambling
0xd1ceeeeee83f8bcf3bedad437202b6154e9f5405;gambling
0xaec1f783b29aab2727d7c374aa55483fe299fefa;gambling
0x66666672e63f056350c3e79dc605edc36aa8b952;gambling
0x2faa316fc4624ec39adc2ef7b5301124cfb68777;gambling
0xa52e014b3f5cc48287c2d483a3e026c32cc76e6d;gambling
0xfef5497bc53a69875e02ae5b14eeff668f09a729;gambling
0x999999c60566e0a78df17f71886333e1dace0bae;gambling
0xddddddd1fd4e3708869c00cabe6b0b9d15181bb9;gambling
0x2e9494387868eb9ec6997b711d655de82f53713f;gambling
0xa62142888aba8370742be823c1782d17a0389da1;gambling
0x4e8ecf79ade5e2c49b9e30d795517a81e0bf00b8;gambling
0x39ffccecc551f35f8dfcb52c8c01060919aed1ea;gambling
0xcceed0b7185fbe7f69c083a6c0f6ff5910548d75;gambling
0x54b17df0bb6141c5589ef0d11c3fd7dfa166f627;gambling
0x9999998a72a185006f1d17e57d4e586599afb75f;gambling
0xe6517b766e6ee07f91b517435ed855926bcb1aae;gambling
0xa74642aeae3e2fd79150c910eb5368b64f864b1e;gambling
0x3a2732aa4a876f2dadee90e15467d2e5ecd18160;gambling
0x8196cdd6e17991b22816bb9cdd31faceecf2f816;gambling
0xdb9953028efb8b659c255b5b676b912c57f37e4b;gambling
0xb3775fb83f7d12a36e0475abdd1fca35c091efbe;gambling
0x4fac33dabfd83d160717dfee4175d9caaa249ca5;gambling
0x29488e24cfdaa52a0b837217926c0c0853db7962;gambling
0x68ceaa85cebd73acd8af16409f14c2e0d44d83aa;gambling
0xe1f338e069f202f2113d32c8a5d1046d83c92ca4;gambling
0x606af0bd4501855914b50e2672c5926b896737ef;ico_wallet
0x01d9f4d104668cdc0b6d13c45dff5e15d58d8f28;ico_wallet
0x15c19e6c203e2c34d1edfb26626bfc4f65ef96f0;ico_wallet
0xfba4d50cab44f13102c0e270721e1cbefebd8922;ico_wallet
0x7d5d58560819c172e45b46c0965bbda5a8895f80;ico_wallet
0xebbd58cd1c31c08ef7a17337c264ba502762e993;ico_wallet
0xcf7787ca25010d3dbfa2ccc32ea58d2160290ef4;ico_wallet
0x9e1836e45e88c92926105910d4a5988a1f677181;ico_wallet
0x71e7c73375efbefdf7b4be67e768d9038dde2488;ico_wallet
0xcafe1a77e84698c83ca8931f54a755176ef75f2c;ico_wallet
0x8d9d0bd75319a3780d3cab012759efbae334291b;ico_wallet
0x126d407584cf73ba5d15102bab0e578a64cca3f1;ico_wallet
0x36e6dadc5a045a86dbc9ecfeda5c459784d3537f;ico_wallet
0x7bb187351421c3affda57c7a5132e304f73167c8;ico_wallet
0xe28e72fcf78647adce1f1252f240bbfaebd63bcc;ico_wallet
0xa04fc9bd2be8bcc6875d9ebb964e8f858bcc1b4f;ico_wallet
0x035a401972f228b58dcae76bf318b54ed036d680;ico_wallet
0x5894110995b8c8401bd38262ba0c8ee41d4e4658;ico_wallet
0x67e4bbe50fbc74633dfd9f7683465c02af896541;ico_wallet
0xcc1aac4513f751effc94e259daf8a37b76f9db75;ico_wallet
0x4f8af8e8734d02a21d73e2a4fb29941f35cbbeac;ico_wallet
0xc39e562defc6ddd1f44ee698cf9303092b86051d;ico_wallet
0x44fcfabfbe32024a01b778c025d70498382cced0;ico_wallet
0x7c4b4bb0bb0fadbcb1c54ed55a3b4f1d456726c6;ico_wallet
0xe9203c8c8eeaeffefecffad6d883c3ea205a832b;ico_wallet
0x537397e3a68584e05e332d2ba75340e37012f50a;ico_wallet
0x9d217bcbd0bfae4d7f8f12c7702108d162e3ab79;ico_wallet
0x081edbef6106ab1253557451b261c1c99bade726;ico_wallet
0xa723606e907bf84215d5785ea7f6cd93a0fbd121;ico_wallet
0x45fde77ff768aa83df468fb1c6ebc5f2bb21dcea;ico_wallet
0x2323763d78bf7104b54a462a79c2ce858d118f2f;ico_wallet
0x0bb9fc3ba7bcf6e5d6f6fc15123ff8d5f96cee00;ico_wallet
0x3013d62a7357021259c3ee463ec9fbc64de7ba76;ico_wallet
0x6a164122d5cf7c840d26e829b46dcc4ed6c0ae48;ico_wallet
0x983293eb01740d9788bbdcfe3a29d1bf2fdfc47d;ico_wallet
0x9df172fc167a8a567c208fc14e3435eb8043e2b7;ico_wallet
0x95b2eb812ce96cabc6dfd94bfcdae5192e027763;ico_wallet
0x7c27f68b0d5afffb668da3e046adfba6ea1f6bc3;ico_wallet
0xae18c66ac8e11f1218e5b5d25535b935644b8c42;ico_wallet
0x26e75307fc0c021472feb8f727839531f112f317;ico_wallet
0xc869af1617a9032a7c8ee60427027ba23cb9e4f8;ico_wallet
0xf5c8b99c64a5584a911d3aae4873b3581d48586e;ico_wallet
0xc87b1bf162c1719e3ffdf34995d1853192d6633b;ico_wallet
0x55ed2910cc807e4596024266ebdf7b1753405a11;ico_wallet
0xe5d0c3fea1e5f01ca4098e9580b93b3b5d0ea768;ico_wallet
0x5bd48309926121370da1cbbd5b958926e8bdb328;ico_wallet
0xfe95e04a628087fcdd5f278e61f148b47471af4a;ico_wallet
0x23b61de5076526b3a1026491157c6df731ae8b61;ico_wallet
0x53f117ca3b93eda96d08c8496af103303c385059;ico_wallet
0x75ba02c5baf9cc3e9fe01c51df3cb1437e8690d4;ico_wallet
0xd20e4d854c71de2428e1268167753e4c7070ae68;ico_wallet
0x4b60b53a6edcd75f0730ecc22579df2079f210b0;ico_wallet
0x2097175d0abb8258f2468e3487f8db776e29d076;ico_wallet
0x967cd47aa3195cff1248ac123e8a452d84daba1d;ico_wallet
0x660cdee72302d2941a43db1275eded7827023baa;ico_wallet
0xf67e754b5be1138882d203f46472c69b985108a7;ico_wallet
0xd780ae2bf04cd96e577d3d014762f831d97129d0;ico_wallet
0xb55d31e46428beb28234b62d5178dad5ec8ad8ca;ico_wallet
0x24c3235558572cff8054b5a419251d3b0d43e91b;ico_wallet
0xa86a60d53e6f474e049be54824551bb99f05adee;ico_wallet
0x9a60ad6de185c4ea95058601beaf16f63742782a;ico_wallet
0xdb8c6862ea4f5cc843c4b3ed75eb8951714b7635;ico_wallet
0x3dbb3e8a5b1e9df522a441ffb8464f57798714b1;ico_wallet
0xa5384627f6dcd3440298e2d8b0da9d5f0fcbcef7;ico_wallet
0x3061cfbae69bff0f933353cea20de6c89ab16acc;ico_wallet
0x72101d19ed90ad71ffaaf6c328930ab9646e751f;ico_wallet
0xc98f8c6b319ecceccaa9361ed5372274674f96cf;ico_wallet
0xa85b419eee304563d3587fe934e932f056ca3c14;ico_wallet
0xc79ab28c5c03f1e7fbef056167364e6782f9ff4f;ico_wallet
0x850468f69fa4fe32816cd7698fd5bd1ece3e1d5c;ico_wallet
0x6e95c8e8557abc08b46f3c347ba06f8dc012763f;ico_wallet
0x851b7f3ab81bd8df354f0d7640efcd7288553419;ico_wallet
0xce52a8dd7c8ad08e94b44620622e3630f7c1fc90;ico_wallet
0x3257bde8cf067ae6f1ddc0e4b140fe02e3c5e44f;ico_wallet
0x7da82c7ab4771ff031b66538d2fb9b0b047f6cf9;ico_wallet
0x175af261088b31e58ba384b3758f14bcf6c1f4e1;ico_wallet
0x004e6f03648b0b0f529511697b0f36a463a24836;ico_wallet
0x85992bb01c8c64a80656c1df988f313af6b661e9;ico_wallet
0xc03281af336e2c25b41ff893a0e6ce1a932b23af;ico_wallet
0x1706024467ef8c9c4648da6fc35f2c995ac79cf6;ico_wallet
0xe477292f1b3268687a29376116b0ed27a9c76170;ico_wallet
0x8c097a9c954894c8779edef955398d6b8ea7226a;ico_wallet
0xa2c9a7578e2172f32a36c5c0e49d64776f9e7883;ico_wallet
0x376c3e5547c68bc26240d8dcc6729fff665a4448;ico_wallet
0x154af3e01ec56bc55fd585622e33e3dfb8a248d8;ico_wallet
0x21346283a31a5ad10fa64377e77a8900ac12d469;ico_wallet
0x03e4b00b607d0980668ca6e50201576b00000000;ico_wallet
0xc4904676bfee9b5332033e6f7307433635346d21;ico_wallet
0x1c82ee5b828455f870eb2998f2c9b6cc2d52a5f6;ico_wallet
0x26967201d4d1e1aa97554838defa4fc4d010ff6f;ico_wallet
0x89add413f34c4858458d658a9f24456551762803;ico_wallet
0xc640b901a529c58fb6f6c53665768e2d5c835421;ico_wallet
0x3eb01b3391ea15ce752d01cf3d3f09dec596f650;ico_wallet
0x562f587bff5a559e3fe671028b3096d8e3bb9107;ico_wallet
0xf7d58e6720696b8f46dc9270443d8beaeb8d9775;ico_wallet
0x6a0afe6f45a878100480f312b585aa0d752d4d2d;ico_wallet
0xdf4d1b71aa4b8bb6814b2e5819844c3093a56349;ico_wallet
0x02dc3b8ab87c562cdce707647bd1ba21c390faf4;ico_wallet
0x873767026deab58b3d14ceb60a0c9ba60773e3e7;ico_wallet
0x93b7e9364c4df6de55ed0d10c80e7afc0612e93a;ico_wallet
0x68c4b7d05fae45bcb6192bb93e246c77e98360e1;ico_wallet
0x00832a758a781055ac19b5f9bf553db8bb9db32d;ico_wallet
0xfd053b5447cb0625464e6e277005fe8adf3c8469;ico_wallet
0xc7cd9d874f93f2409f39a95987b3e3c738313925;ico_wallet
0x7e6614722614e434c4df9901bab31e466ba12fa4;ico_wallet
0x19c1f4d2cf1606d1ba3030aef48b96e56bc92a6a;ico_wallet
0x2b3b67c6dffc2bcdda2315491eac9bbe868fbcdd;ico_wallet
0x2149cbdd59b50bef9a264914b441f917dc9c7d55;ico_wallet
0xf821fd99bca2111327b6a411c90be49dcf78ce0f;ico_wallet
0x01091506ce9f1977a660c5ad4915cbd89e4e1a49;ico_wallet
0x746aaac06b04c36f5fea9bbb35ca75518eda1cca;ico_wallet
0x26d08b9d227933a85e855656dc46ab889e183c88;ico_wallet
0x04c62019ab478bff5874e7b7d9bc84fcf7e30025;ico_wallet
0x3bfc20f0b9afcace800d73d2191166ff16540258;ico_wallet
0xe9eca8bb5e61e8e32f26b5e8c117561f68084a9c;ico_wallet
0xafa1c92a27215d1d1dad4fa89972e7c8d91218f9;ico_wallet
0x5a8b20e070e82b4e3fb97ecbd71b587a74f2ecc1;ico_wallet
0x1a8cc57f1155d7df4626978401e203e00da097f7;ico_wallet
0xca48ba80cfa6cc06963b62aee48000f031c7e2dc;ico_wallet
0xee155572635ae7d1f4e30ec3179ce65b5342cb17;ico_wallet
0xb1c5d524382324c9472c6f8e1a3c0a64465a4902;ico_wallet
0x10987d8361338eae4472f107cf069558c54516ae;ico_wallet
0x00674045bb7c17f0aa1cde34780d6c51af548728;ico_wallet
0x00c7122633a4ef0bc72f7d02456ee2b11e97561e;ico_wallet
0xb0c591788ac5f9638a8aea025019e626f17186df;ico_wallet
0x841991ffe0dafd619bc517d82ee4700c37136140;ico_wallet
0x9a4cd44c1a55cfda565430dee9bfb54f2aacfd6a;ico_wallet
0xdd76b55ee6dafe0c7c978bff69206d476a5b9ce7;ico_wallet
0xa5d1e58ece1fc438d64e65769d2ab730143a4caf;ico_wallet
0xe76fe52a251c8f3a5dcd657e47a6c8d16fdf4bfa;ico_wallet
0x6dd5a9f47cfbc44c04a0a4452f0ba792ebfbcc9a;ico_wallet
0x1f3df0b8390bb8e9e322972c5e75583e87608ec2;ico_wallet
0x3e5dcce17765928400ee4a4b8905e1dd9f42a00f;ico_wallet
0x47c8f28e6056374aba3df0854306c2556b104601;ico_wallet
0x5574754c7cb6618d0079065bfabdc46f31bc7a32;ico_wallet
0x2ef2782905830533d218b7ff4d15b8c0981ce84b;ico_wallet
0x5901deb2c898d5dbe5923e05e510e95968a35067;ico_wallet
0xc78310231aa53bd3d0fea2f8c705c67730929d8f;ico_wallet
0x5978c1473ee84dd9cf3d90d0e931a79906ee52c5;ico_wallet
0xa4ddd3977920796bfb14ca8d0fb97491fa72a11d;ico_wallet
0x6f6deb5db0c4994a8283a01d6cfeeb27fc3bbe9c;ico_wallet
0xe804ad72e60503ed47d267351bdd3441ac1ccb03;ico_wallet
0xdf398e0be9e0da2d8f8d687fd6b2c9082eefc29a;ico_wallet
0x22c6731a21ad946bcd934f62f04b2d06ebfbedc9;ico_wallet
0xdc9727d102f00adf0043d04431b6cd162c5114ea;ico_wallet
0x0c295c085cae9c6278df49477d29f71d78c5490d;ico_wallet
0xa646e29877d52b9e2de457eca09c724ff16d0a2b;ico_wallet
0x0f564a2a5fde73349890e86e9b2aa1639994bf2f;ico_wallet
0xa33516e6f64c6c2869dff6744953a472cd60c8f6;ico_wallet
0xf3d1f26b31db83c8899626746d0bbc59d9dd223c;ico_wallet
0x606b2272215a0cdd1cf4f38293ffaa42f0f56c34;ico_wallet
0x36be38dab57631aae070b8977daa35d6de1ab8a0;ico_wallet
0xaf518d65f84e4695a4da0450ec02c1248f56b668;ico_wallet
0x34967c335d86efc3043fb75f807a0780ffb6905a;ico_wallet
0x84a6ddb94f9d16334896f581c7f927a9e6ae5601;ico_wallet
0x185f19b43d818e10a31be68f445ef8edcb8afb83;ico_wallet
0xb62ef4c58f3997424b0cceab28811633201706bc;ico_wallet
0x49db6ee4507132d1fdac92318e0e6150bf786728;ico_wallet
0x0c4b367e876d18d5c102023d9240dd7e9c11b380;ico_wallet
0xad54edbe26782a7c190eabc0b35869b0e66ffcce;ico_wallet
0xad8ea3b0215e6efd9d2f2aa22baf6d494dbf7662;ico_wallet
0x274df34325ca19627e5e587c48b7e77dfc4b9cc6;ico_wallet
0x146f2fba9eba1b72d5162a56e3e5da6c0f4808cc;ico_wallet
0x58f75ddacffb183a30f69fe58a67a0d0985fce0f;ico_wallet
0x5a2fad810f990c4535ada938400b6b67ef7646af;ico_wallet
0x8dcaeebf49a479ed5e5b3b45a38c9125a0ef6d23;ico_wallet
0xb4e23d717ed13345498f100c9eacbb256916ae1a;ico_wallet
0xb4e817449b2fcdec82e69f02454b42fe95d4d1fd;ico_wallet
0xc2cce1f4190d4451c63cf591678c807679c3d728;ico_wallet
0x749bd34c771456a8de28aa0883b00d11273e2ede;ico_wallet
0xd75496c0a6a36308cfda58e317ab97ea46b8f6b5;ico_wallet
0x11e63fa9256c37d100b6786569663b116480f92a;ico_wallet
